"episodeId","scene1","scene2","scene3","scene4","scene5","scene6","scene7","scene8","scene9","scene10","scene11","scene12","scene13","scene14","scene15","scene16","scene17","scene18","scene19","scene20","scene21","scene22","scene23","scene24","scene25","scene26","scene27","scene28","scene29","scene30","scene31","scene32","scene33","scene34","scene35","scene36","scene37","scene38","scene39","scene40","scene41","scene42","scene43","scene44","scene45","scene46","scene47","scene48","scene49","scene50","scene51","scene52","scene53","scene54","scene55","scene56","scene57","scene58","scene59","scene60","scene61","scene62","scene63","scene64","scene65","scene66","scene67","scene68","scene69","scene70","scene71","scene72","scene73","scene74","scene75","scene76","scene77","scene78","scene79","scene80","scene81","scene82","scene83","scene84","scene85","scene86","scene87","scene88","scene89","scene90","scene91","scene92","scene93","scene94","scene95","scene96","scene97","scene98","scene99","scene100","scene101","scene102","scene103","scene104","scene105","scene106","scene107","scene108","scene109","scene110","scene111","scene112","scene113","scene114","scene115","scene116","scene117","scene118","scene119","scene120","scene121","scene122","scene123","scene124","scene125","scene126","scene127","scene128","scene129","scene130","scene131","scene132","scene133","scene134","scene135","scene136","scene137","scene138","scene139","scene140","scene141","scene142","scene143","scene144","scene145","scene146","scene147","scene148","scene149","scene150","scene151","scene152","scene153","scene154","scene155","scene156","scene157","scene158","scene159","scene160","scene161","scene162","scene163","scene164","scene165","scene166","scene167","scene168","scene169","scene170","scene171","scene172","scene173","scene174","scene175","scene176","scene177","scene178","scene179","scene180","scene181","scene182","scene183","scene184","scene185","scene186","scene187","scene188","scene189","scene190","scene191","scene192","scene193","scene194","scene195","scene196","scene197","scene198","scene199","scene200","scene201","scene202","scene203","scene204","scene205","scene206","scene207","scene208","scene209","scene210","scene211","scene212","scene213","scene214","scene215","scene216","scene217","scene218","scene219","scene220","scene221","scene222","scene223","scene224","scene225","scene226","scene227","scene228","scene229","scene230","scene231","scene232","scene233","scene234","scene235","scene236","scene237","scene238"
1,"The Wall","North of the Wall","North of the Wall","North of the Wall","North of the Wall","North of the Wall","North of the Wall","North of the Wall","North of the Wall","North of the Wall","North of the Wall","North of the Wall","The North","The North","The North","The Crownlands","The North","The North","The North","The North","The North","The North","The North","Pentos","Pentos","Pentos","The North","The North","The North","The North","The North","Pentos","Pentos","The North","The North",NA,NA,NA,NA,NA,NA,NA,NA,NA,NA,NA,NA,NA,NA,NA,NA,NA,NA,NA,NA,NA,NA,NA,NA,NA,NA,NA,NA,NA,NA,NA,NA,NA,NA,NA,NA,NA,NA,NA,NA,NA,NA,NA,NA,NA,NA,NA,NA,NA,NA,NA,NA,NA,NA,NA,NA,NA,NA,NA,NA,NA,NA,NA,NA,NA,NA,NA,NA,NA,NA,NA,NA,NA,NA,NA,NA,NA,NA,NA,NA,NA,NA,NA,NA,NA,NA,NA,NA,NA,NA,NA,NA,NA,NA,NA,NA,NA,NA,NA,NA,NA,NA,NA,NA,NA,NA,NA,NA,NA,NA,NA,NA,NA,NA,NA,NA,NA,NA,NA,NA,NA,NA,NA,NA,NA,NA,NA,NA,NA,NA,NA,NA,NA,NA,NA,NA,NA,NA,NA,NA,NA,NA,NA,NA,NA,NA,NA,NA,NA,NA,NA,NA,NA,NA,NA,NA,NA,NA,NA,NA,NA,NA,NA,NA,NA,NA,NA,NA,NA,NA,NA,NA,NA,NA,NA,NA,NA,NA,NA,NA,NA,NA,NA,NA,NA,NA,NA,NA,NA,NA,NA,NA,NA,NA,NA,NA,NA,NA,NA,NA,NA,NA,NA
2,"The Dothraki Sea","The North","The North","The North","The North","The North","The North","The North","The North","The North","The Dothraki Sea","The North","The North","The Dothraki Sea","The Wall","The North","The North","The North","The Dothraki Sea","The Dothraki Sea","The Riverlands","The Riverlands","The Riverlands","The Riverlands","The Riverlands","The Riverlands","The North","The Riverlands","The North","The Riverlands","The North",NA,NA,NA,NA,NA,NA,NA,NA,NA,NA,NA,NA,NA,NA,NA,NA,NA,NA,NA,NA,NA,NA,NA,NA,NA,NA,NA,NA,NA,NA,NA,NA,NA,NA,NA,NA,NA,NA,NA,NA,NA,NA,NA,NA,NA,NA,NA,NA,NA,NA,NA,NA,NA,NA,NA,NA,NA,NA,NA,NA,NA,NA,NA,NA,NA,NA,NA,NA,NA,NA,NA,NA,NA,NA,NA,NA,NA,NA,NA,NA,NA,NA,NA,NA,NA,NA,NA,NA,NA,NA,NA,NA,NA,NA,NA,NA,NA,NA,NA,NA,NA,NA,NA,NA,NA,NA,NA,NA,NA,NA,NA,NA,NA,NA,NA,NA,NA,NA,NA,NA,NA,NA,NA,NA,NA,NA,NA,NA,NA,NA,NA,NA,NA,NA,NA,NA,NA,NA,NA,NA,NA,NA,NA,NA,NA,NA,NA,NA,NA,NA,NA,NA,NA,NA,NA,NA,NA,NA,NA,NA,NA,NA,NA,NA,NA,NA,NA,NA,NA,NA,NA,NA,NA,NA,NA,NA,NA,NA,NA,NA,NA,NA,NA,NA,NA,NA,NA,NA,NA,NA,NA,NA,NA,NA,NA,NA,NA,NA,NA,NA,NA,NA,NA,NA,NA,NA,NA
3,"The Crownlands","The Crownlands","The Crownlands","The Crownlands","The Crownlands","The Crownlands","The North","The Crownlands","The Wall","The Crownlands","The Crownlands","The Wall","The Crownlands","The Crownlands","The Crownlands","The Crownlands","The Dothraki Sea","The Wall","The Wall","The Dothraki Sea","The Dothraki Sea","The Wall","The Dothraki Sea","The Wall","The Crownlands",NA,NA,NA,NA,NA,NA,NA,NA,NA,NA,NA,NA,NA,NA,NA,NA,NA,NA,NA,NA,NA,NA,NA,NA,NA,NA,NA,NA,NA,NA,NA,NA,NA,NA,NA,NA,NA,NA,NA,NA,NA,NA,NA,NA,NA,NA,NA,NA,NA,NA,NA,NA,NA,NA,NA,NA,NA,NA,NA,NA,NA,NA,NA,NA,NA,NA,NA,NA,NA,NA,NA,NA,NA,NA,NA,NA,NA,NA,NA,NA,NA,NA,NA,NA,NA,NA,NA,NA,NA,NA,NA,NA,NA,NA,NA,NA,NA,NA,NA,NA,NA,NA,NA,NA,NA,NA,NA,NA,NA,NA,NA,NA,NA,NA,NA,NA,NA,NA,NA,NA,NA,NA,NA,NA,NA,NA,NA,NA,NA,NA,NA,NA,NA,NA,NA,NA,NA,NA,NA,NA,NA,NA,NA,NA,NA,NA,NA,NA,NA,NA,NA,NA,NA,NA,NA,NA,NA,NA,NA,NA,NA,NA,NA,NA,NA,NA,NA,NA,NA,NA,NA,NA,NA,NA,NA,NA,NA,NA,NA,NA,NA,NA,NA,NA,NA,NA,NA,NA,NA,NA,NA,NA,NA,NA,NA,NA,NA,NA,NA,NA,NA,NA,NA,NA,NA,NA,NA,NA,NA,NA,NA,NA,NA
4,"The North","The North","The North","The North","The Wall","Vaes Dothrak","Vaes Dothrak","Vaes Dothrak","The Crownlands","The Crownlands","The Crownlands","The Crownlands","The Wall","The Crownlands","The Crownlands","The Crownlands","The Crownlands","The Crownlands","The Crownlands","The Wall","The Wall","The Wall","Vaes Dothrak","The Wall","Vaes Dothrak","The Crownlands","The Crownlands","The Riverlands",NA,NA,NA,NA,NA,NA,NA,NA,NA,NA,NA,NA,NA,NA,NA,NA,NA,NA,NA,NA,NA,NA,NA,NA,NA,NA,NA,NA,NA,NA,NA,NA,NA,NA,NA,NA,NA,NA,NA,NA,NA,NA,NA,NA,NA,NA,NA,NA,NA,NA,NA,NA,NA,NA,NA,NA,NA,NA,NA,NA,NA,NA,NA,NA,NA,NA,NA,NA,NA,NA,NA,NA,NA,NA,NA,NA,NA,NA,NA,NA,NA,NA,NA,NA,NA,NA,NA,NA,NA,NA,NA,NA,NA,NA,NA,NA,NA,NA,NA,NA,NA,NA,NA,NA,NA,NA,NA,NA,NA,NA,NA,NA,NA,NA,NA,NA,NA,NA,NA,NA,NA,NA,NA,NA,NA,NA,NA,NA,NA,NA,NA,NA,NA,NA,NA,NA,NA,NA,NA,NA,NA,NA,NA,NA,NA,NA,NA,NA,NA,NA,NA,NA,NA,NA,NA,NA,NA,NA,NA,NA,NA,NA,NA,NA,NA,NA,NA,NA,NA,NA,NA,NA,NA,NA,NA,NA,NA,NA,NA,NA,NA,NA,NA,NA,NA,NA,NA,NA,NA,NA,NA,NA,NA,NA,NA,NA,NA,NA,NA,NA,NA,NA,NA,NA,NA,NA,NA,NA,NA,NA
5,"The Crownlands","The Crownlands","The Crownlands","The Crownlands","The Crownlands","The Vale","The North","The North","The Crownlands","The Crownlands","The Crownlands","The Crownlands","The Crownlands","The Crownlands","The Crownlands","The Crownlands","The Vale","The Crownlands","The Crownlands","The Crownlands","The Crownlands","The Vale","The Vale","The Crownlands","The Crownlands","The Crownlands","The Crownlands","The Crownlands",NA,NA,NA,NA,NA,NA,NA,NA,NA,NA,NA,NA,NA,NA,NA,NA,NA,NA,NA,NA,NA,NA,NA,NA,NA,NA,NA,NA,NA,NA,NA,NA,NA,NA,NA,NA,NA,NA,NA,NA,NA,NA,NA,NA,NA,NA,NA,NA,NA,NA,NA,NA,NA,NA,NA,NA,NA,NA,NA,NA,NA,NA,NA,NA,NA,NA,NA,NA,NA,NA,NA,NA,NA,NA,NA,NA,NA,NA,NA,NA,NA,NA,NA,NA,NA,NA,NA,NA,NA,NA,NA,NA,NA,NA,NA,NA,NA,NA,NA,NA,NA,NA,NA,NA,NA,NA,NA,NA,NA,NA,NA,NA,NA,NA,NA,NA,NA,NA,NA,NA,NA,NA,NA,NA,NA,NA,NA,NA,NA,NA,NA,NA,NA,NA,NA,NA,NA,NA,NA,NA,NA,NA,NA,NA,NA,NA,NA,NA,NA,NA,NA,NA,NA,NA,NA,NA,NA,NA,NA,NA,NA,NA,NA,NA,NA,NA,NA,NA,NA,NA,NA,NA,NA,NA,NA,NA,NA,NA,NA,NA,NA,NA,NA,NA,NA,NA,NA,NA,NA,NA,NA,NA,NA,NA,NA,NA,NA,NA,NA,NA,NA,NA,NA,NA,NA,NA,NA,NA,NA,NA
6,"The Crownlands","Vaes Dothrak","The North","The North","The North","The North","The Vale","The Crownlands","Vaes Dothrak","Vaes Dothrak","The Vale","The Vale","The Crownlands","The Crownlands","The Vale","The Crownlands","The North","The Crownlands","Vaes Dothrak",NA,NA,NA,NA,NA,NA,NA,NA,NA,NA,NA,NA,NA,NA,NA,NA,NA,NA,NA,NA,NA,NA,NA,NA,NA,NA,NA,NA,NA,NA,NA,NA,NA,NA,NA,NA,NA,NA,NA,NA,NA,NA,NA,NA,NA,NA,NA,NA,NA,NA,NA,NA,NA,NA,NA,NA,NA,NA,NA,NA,NA,NA,NA,NA,NA,NA,NA,NA,NA,NA,NA,NA,NA,NA,NA,NA,NA,NA,NA,NA,NA,NA,NA,NA,NA,NA,NA,NA,NA,NA,NA,NA,NA,NA,NA,NA,NA,NA,NA,NA,NA,NA,NA,NA,NA,NA,NA,NA,NA,NA,NA,NA,NA,NA,NA,NA,NA,NA,NA,NA,NA,NA,NA,NA,NA,NA,NA,NA,NA,NA,NA,NA,NA,NA,NA,NA,NA,NA,NA,NA,NA,NA,NA,NA,NA,NA,NA,NA,NA,NA,NA,NA,NA,NA,NA,NA,NA,NA,NA,NA,NA,NA,NA,NA,NA,NA,NA,NA,NA,NA,NA,NA,NA,NA,NA,NA,NA,NA,NA,NA,NA,NA,NA,NA,NA,NA,NA,NA,NA,NA,NA,NA,NA,NA,NA,NA,NA,NA,NA,NA,NA,NA,NA,NA,NA,NA,NA,NA,NA,NA,NA,NA,NA,NA,NA,NA,NA,NA,NA
7,"The Westerlands","The Crownlands","The Crownlands","The North","The Wall","The Wall","The Crownlands","The Crownlands","The Crownlands","Vaes Dothrak","Vaes Dothrak","Vaes Dothrak","Vaes Dothrak","The Wall","The Wall","The Crownlands","The Crownlands","The Wall","North of the Wall","Vaes Dothrak","Vaes Dothrak","The Crownlands","The Crownlands","The Crownlands","The Crownlands",NA,NA,NA,NA,NA,NA,NA,NA,NA,NA,NA,NA,NA,NA,NA,NA,NA,NA,NA,NA,NA,NA,NA,NA,NA,NA,NA,NA,NA,NA,NA,NA,NA,NA,NA,NA,NA,NA,NA,NA,NA,NA,NA,NA,NA,NA,NA,NA,NA,NA,NA,NA,NA,NA,NA,NA,NA,NA,NA,NA,NA,NA,NA,NA,NA,NA,NA,NA,NA,NA,NA,NA,NA,NA,NA,NA,NA,NA,NA,NA,NA,NA,NA,NA,NA,NA,NA,NA,NA,NA,NA,NA,NA,NA,NA,NA,NA,NA,NA,NA,NA,NA,NA,NA,NA,NA,NA,NA,NA,NA,NA,NA,NA,NA,NA,NA,NA,NA,NA,NA,NA,NA,NA,NA,NA,NA,NA,NA,NA,NA,NA,NA,NA,NA,NA,NA,NA,NA,NA,NA,NA,NA,NA,NA,NA,NA,NA,NA,NA,NA,NA,NA,NA,NA,NA,NA,NA,NA,NA,NA,NA,NA,NA,NA,NA,NA,NA,NA,NA,NA,NA,NA,NA,NA,NA,NA,NA,NA,NA,NA,NA,NA,NA,NA,NA,NA,NA,NA,NA,NA,NA,NA,NA,NA,NA,NA,NA,NA,NA,NA,NA,NA,NA,NA,NA,NA,NA,NA,NA,NA,NA,NA,NA
8,"The Crownlands","The Crownlands","The Crownlands","The Crownlands","The Crownlands","The Crownlands","The Crownlands","The Crownlands","The Crownlands","The Wall","The Wall","The Crownlands","The North","The Vale","The Vale","The Vale","The Wall","The Wall","The Wall","The Dothraki Sea","The Dothraki Sea","The North","The North","The North","The Wall","The North","The North","The North","The Westerlands","The Westerlands","The North","The North","The North","The Crownlands","The Crownlands",NA,NA,NA,NA,NA,NA,NA,NA,NA,NA,NA,NA,NA,NA,NA,NA,NA,NA,NA,NA,NA,NA,NA,NA,NA,NA,NA,NA,NA,NA,NA,NA,NA,NA,NA,NA,NA,NA,NA,NA,NA,NA,NA,NA,NA,NA,NA,NA,NA,NA,NA,NA,NA,NA,NA,NA,NA,NA,NA,NA,NA,NA,NA,NA,NA,NA,NA,NA,NA,NA,NA,NA,NA,NA,NA,NA,NA,NA,NA,NA,NA,NA,NA,NA,NA,NA,NA,NA,NA,NA,NA,NA,NA,NA,NA,NA,NA,NA,NA,NA,NA,NA,NA,NA,NA,NA,NA,NA,NA,NA,NA,NA,NA,NA,NA,NA,NA,NA,NA,NA,NA,NA,NA,NA,NA,NA,NA,NA,NA,NA,NA,NA,NA,NA,NA,NA,NA,NA,NA,NA,NA,NA,NA,NA,NA,NA,NA,NA,NA,NA,NA,NA,NA,NA,NA,NA,NA,NA,NA,NA,NA,NA,NA,NA,NA,NA,NA,NA,NA,NA,NA,NA,NA,NA,NA,NA,NA,NA,NA,NA,NA,NA,NA,NA,NA,NA,NA,NA,NA,NA,NA,NA,NA,NA,NA,NA,NA,NA,NA,NA,NA,NA,NA
9,"The Crownlands","The Riverlands","The Riverlands","The Riverlands","The Wall","The Wall","The Wall","The Riverlands","The Riverlands","The Wall","The Red Waste","The Riverlands","The Riverlands","The Red Waste","The Riverlands","The Riverlands","The Riverlands","The Riverlands","The Riverlands","The Riverlands","The Riverlands","The Riverlands","The Crownlands","The Crownlands",NA,NA,NA,NA,NA,NA,NA,NA,NA,NA,NA,NA,NA,NA,NA,NA,NA,NA,NA,NA,NA,NA,NA,NA,NA,NA,NA,NA,NA,NA,NA,NA,NA,NA,NA,NA,NA,NA,NA,NA,NA,NA,NA,NA,NA,NA,NA,NA,NA,NA,NA,NA,NA,NA,NA,NA,NA,NA,NA,NA,NA,NA,NA,NA,NA,NA,NA,NA,NA,NA,NA,NA,NA,NA,NA,NA,NA,NA,NA,NA,NA,NA,NA,NA,NA,NA,NA,NA,NA,NA,NA,NA,NA,NA,NA,NA,NA,NA,NA,NA,NA,NA,NA,NA,NA,NA,NA,NA,NA,NA,NA,NA,NA,NA,NA,NA,NA,NA,NA,NA,NA,NA,NA,NA,NA,NA,NA,NA,NA,NA,NA,NA,NA,NA,NA,NA,NA,NA,NA,NA,NA,NA,NA,NA,NA,NA,NA,NA,NA,NA,NA,NA,NA,NA,NA,NA,NA,NA,NA,NA,NA,NA,NA,NA,NA,NA,NA,NA,NA,NA,NA,NA,NA,NA,NA,NA,NA,NA,NA,NA,NA,NA,NA,NA,NA,NA,NA,NA,NA,NA,NA,NA,NA,NA,NA,NA,NA,NA,NA,NA,NA,NA,NA,NA,NA,NA,NA,NA,NA,NA,NA,NA,NA,NA
10,"The Crownlands","The Crownlands","The North","The North","The North","The North","The Riverlands","The Crownlands","The Crownlands","The Riverlands","The Riverlands","The Crownlands","The Riverlands","The Riverlands","The Red Waste","The Red Waste","The Red Waste","The Wall","The Riverlands","The North","The Red Waste","The Red Waste","The Crownlands","The Crownlands","The Crownlands","The Crownlands","The Crownlands","The Crownlands","The Wall","The Wall","The Red Waste","The Red Waste",NA,NA,NA,NA,NA,NA,NA,NA,NA,NA,NA,NA,NA,NA,NA,NA,NA,NA,NA,NA,NA,NA,NA,NA,NA,NA,NA,NA,NA,NA,NA,NA,NA,NA,NA,NA,NA,NA,NA,NA,NA,NA,NA,NA,NA,NA,NA,NA,NA,NA,NA,NA,NA,NA,NA,NA,NA,NA,NA,NA,NA,NA,NA,NA,NA,NA,NA,NA,NA,NA,NA,NA,NA,NA,NA,NA,NA,NA,NA,NA,NA,NA,NA,NA,NA,NA,NA,NA,NA,NA,NA,NA,NA,NA,NA,NA,NA,NA,NA,NA,NA,NA,NA,NA,NA,NA,NA,NA,NA,NA,NA,NA,NA,NA,NA,NA,NA,NA,NA,NA,NA,NA,NA,NA,NA,NA,NA,NA,NA,NA,NA,NA,NA,NA,NA,NA,NA,NA,NA,NA,NA,NA,NA,NA,NA,NA,NA,NA,NA,NA,NA,NA,NA,NA,NA,NA,NA,NA,NA,NA,NA,NA,NA,NA,NA,NA,NA,NA,NA,NA,NA,NA,NA,NA,NA,NA,NA,NA,NA,NA,NA,NA,NA,NA,NA,NA,NA,NA,NA,NA,NA,NA,NA,NA,NA,NA,NA,NA,NA,NA,NA,NA,NA,NA,NA,NA
11,"The Crownlands","The Crownlands","The Crownlands","The Crownlands","The North","The North","The North","The North","The Red Waste","The Red Waste","North of the Wall","North of the Wall","North of the Wall","North of the Wall","The Crownlands","The Crownlands","The Crownlands","The Riverlands","The Crownlands","The Crownlands","The Riverlands","The Riverlands","The Riverlands","The Crownlands","The Crownlands","The Crownlands","The Crownlands","The Riverlands",NA,NA,NA,NA,NA,NA,NA,NA,NA,NA,NA,NA,NA,NA,NA,NA,NA,NA,NA,NA,NA,NA,NA,NA,NA,NA,NA,NA,NA,NA,NA,NA,NA,NA,NA,NA,NA,NA,NA,NA,NA,NA,NA,NA,NA,NA,NA,NA,NA,NA,NA,NA,NA,NA,NA,NA,NA,NA,NA,NA,NA,NA,NA,NA,NA,NA,NA,NA,NA,NA,NA,NA,NA,NA,NA,NA,NA,NA,NA,NA,NA,NA,NA,NA,NA,NA,NA,NA,NA,NA,NA,NA,NA,NA,NA,NA,NA,NA,NA,NA,NA,NA,NA,NA,NA,NA,NA,NA,NA,NA,NA,NA,NA,NA,NA,NA,NA,NA,NA,NA,NA,NA,NA,NA,NA,NA,NA,NA,NA,NA,NA,NA,NA,NA,NA,NA,NA,NA,NA,NA,NA,NA,NA,NA,NA,NA,NA,NA,NA,NA,NA,NA,NA,NA,NA,NA,NA,NA,NA,NA,NA,NA,NA,NA,NA,NA,NA,NA,NA,NA,NA,NA,NA,NA,NA,NA,NA,NA,NA,NA,NA,NA,NA,NA,NA,NA,NA,NA,NA,NA,NA,NA,NA,NA,NA,NA,NA,NA,NA,NA,NA,NA,NA,NA,NA,NA,NA,NA,NA,NA
12,"The Riverlands","The Riverlands","The Riverlands","The Crownlands","The Crownlands","The Crownlands","North of the Wall","North of the Wall","North of the Wall","The Red Waste","The Sunset Sea","The Sunset Sea","The Crownlands","The Crownlands","The Crownlands","The Crownlands","The Crownlands","The Riverlands","The Riverlands","The Iron Islands","The Iron Islands","The Iron Islands","The Iron Islands","The Iron Islands","The Crownlands","The Crownlands","The Crownlands","The Crownlands","The Crownlands","North of the Wall","North of the Wall",NA,NA,NA,NA,NA,NA,NA,NA,NA,NA,NA,NA,NA,NA,NA,NA,NA,NA,NA,NA,NA,NA,NA,NA,NA,NA,NA,NA,NA,NA,NA,NA,NA,NA,NA,NA,NA,NA,NA,NA,NA,NA,NA,NA,NA,NA,NA,NA,NA,NA,NA,NA,NA,NA,NA,NA,NA,NA,NA,NA,NA,NA,NA,NA,NA,NA,NA,NA,NA,NA,NA,NA,NA,NA,NA,NA,NA,NA,NA,NA,NA,NA,NA,NA,NA,NA,NA,NA,NA,NA,NA,NA,NA,NA,NA,NA,NA,NA,NA,NA,NA,NA,NA,NA,NA,NA,NA,NA,NA,NA,NA,NA,NA,NA,NA,NA,NA,NA,NA,NA,NA,NA,NA,NA,NA,NA,NA,NA,NA,NA,NA,NA,NA,NA,NA,NA,NA,NA,NA,NA,NA,NA,NA,NA,NA,NA,NA,NA,NA,NA,NA,NA,NA,NA,NA,NA,NA,NA,NA,NA,NA,NA,NA,NA,NA,NA,NA,NA,NA,NA,NA,NA,NA,NA,NA,NA,NA,NA,NA,NA,NA,NA,NA,NA,NA,NA,NA,NA,NA,NA,NA,NA,NA,NA,NA,NA,NA,NA,NA,NA,NA,NA,NA,NA,NA,NA,NA
13,"North of the Wall","North of the Wall","North of the Wall","The North","The North","The North","The Stormlands","The Stormlands","The Stormlands","The Iron Islands","The Iron Islands","The Crownlands","The Crownlands","The Crownlands","The Crownlands","The Crownlands","The Crownlands","The Stormlands","The Stormlands","The Crownlands","The Iron Islands","The Iron Islands","The Crownlands","The Crownlands","The Crownlands","The Riverlands","The Riverlands","The Riverlands","The Riverlands","The Riverlands",NA,NA,NA,NA,NA,NA,NA,NA,NA,NA,NA,NA,NA,NA,NA,NA,NA,NA,NA,NA,NA,NA,NA,NA,NA,NA,NA,NA,NA,NA,NA,NA,NA,NA,NA,NA,NA,NA,NA,NA,NA,NA,NA,NA,NA,NA,NA,NA,NA,NA,NA,NA,NA,NA,NA,NA,NA,NA,NA,NA,NA,NA,NA,NA,NA,NA,NA,NA,NA,NA,NA,NA,NA,NA,NA,NA,NA,NA,NA,NA,NA,NA,NA,NA,NA,NA,NA,NA,NA,NA,NA,NA,NA,NA,NA,NA,NA,NA,NA,NA,NA,NA,NA,NA,NA,NA,NA,NA,NA,NA,NA,NA,NA,NA,NA,NA,NA,NA,NA,NA,NA,NA,NA,NA,NA,NA,NA,NA,NA,NA,NA,NA,NA,NA,NA,NA,NA,NA,NA,NA,NA,NA,NA,NA,NA,NA,NA,NA,NA,NA,NA,NA,NA,NA,NA,NA,NA,NA,NA,NA,NA,NA,NA,NA,NA,NA,NA,NA,NA,NA,NA,NA,NA,NA,NA,NA,NA,NA,NA,NA,NA,NA,NA,NA,NA,NA,NA,NA,NA,NA,NA,NA,NA,NA,NA,NA,NA,NA,NA,NA,NA,NA,NA,NA,NA,NA,NA,NA
14,"The Westerlands","The Westerlands","The Westerlands","The Westerlands","The Westerlands","The Westerlands","The Crownlands","The Crownlands","The Crownlands","The Crownlands","The Crownlands","The Stormlands","The Stormlands","The Stormlands","The Stormlands","The Red Waste","The Riverlands","The Riverlands","The Riverlands","The Stormlands","The Riverlands","The Riverlands","The Riverlands","The Stormlands","Qarth","The Riverlands","The Riverlands","The Crownlands","The Stormlands","The Stormlands","The Stormlands",NA,NA,NA,NA,NA,NA,NA,NA,NA,NA,NA,NA,NA,NA,NA,NA,NA,NA,NA,NA,NA,NA,NA,NA,NA,NA,NA,NA,NA,NA,NA,NA,NA,NA,NA,NA,NA,NA,NA,NA,NA,NA,NA,NA,NA,NA,NA,NA,NA,NA,NA,NA,NA,NA,NA,NA,NA,NA,NA,NA,NA,NA,NA,NA,NA,NA,NA,NA,NA,NA,NA,NA,NA,NA,NA,NA,NA,NA,NA,NA,NA,NA,NA,NA,NA,NA,NA,NA,NA,NA,NA,NA,NA,NA,NA,NA,NA,NA,NA,NA,NA,NA,NA,NA,NA,NA,NA,NA,NA,NA,NA,NA,NA,NA,NA,NA,NA,NA,NA,NA,NA,NA,NA,NA,NA,NA,NA,NA,NA,NA,NA,NA,NA,NA,NA,NA,NA,NA,NA,NA,NA,NA,NA,NA,NA,NA,NA,NA,NA,NA,NA,NA,NA,NA,NA,NA,NA,NA,NA,NA,NA,NA,NA,NA,NA,NA,NA,NA,NA,NA,NA,NA,NA,NA,NA,NA,NA,NA,NA,NA,NA,NA,NA,NA,NA,NA,NA,NA,NA,NA,NA,NA,NA,NA,NA,NA,NA,NA,NA,NA,NA,NA,NA,NA,NA,NA,NA
15,"The Stormlands","The Stormlands","The Stormlands","The Crownlands","The Crownlands","The Crownlands","The Stormlands","The Stormlands","The Crownlands","The Crownlands","The Iron Islands","The Iron Islands","The Iron Islands","The Iron Islands","The Riverlands","The Riverlands","The Riverlands","North of the Wall","North of the Wall","North of the Wall","The Crownlands","Qarth","Qarth","Qarth","Qarth","Qarth","Qarth","Qarth","Qarth","The Stormlands","The North","The North","The North","North of the Wall","Qarth","Qarth","Qarth","The Riverlands",NA,NA,NA,NA,NA,NA,NA,NA,NA,NA,NA,NA,NA,NA,NA,NA,NA,NA,NA,NA,NA,NA,NA,NA,NA,NA,NA,NA,NA,NA,NA,NA,NA,NA,NA,NA,NA,NA,NA,NA,NA,NA,NA,NA,NA,NA,NA,NA,NA,NA,NA,NA,NA,NA,NA,NA,NA,NA,NA,NA,NA,NA,NA,NA,NA,NA,NA,NA,NA,NA,NA,NA,NA,NA,NA,NA,NA,NA,NA,NA,NA,NA,NA,NA,NA,NA,NA,NA,NA,NA,NA,NA,NA,NA,NA,NA,NA,NA,NA,NA,NA,NA,NA,NA,NA,NA,NA,NA,NA,NA,NA,NA,NA,NA,NA,NA,NA,NA,NA,NA,NA,NA,NA,NA,NA,NA,NA,NA,NA,NA,NA,NA,NA,NA,NA,NA,NA,NA,NA,NA,NA,NA,NA,NA,NA,NA,NA,NA,NA,NA,NA,NA,NA,NA,NA,NA,NA,NA,NA,NA,NA,NA,NA,NA,NA,NA,NA,NA,NA,NA,NA,NA,NA,NA,NA,NA,NA,NA,NA,NA,NA,NA,NA,NA,NA,NA,NA,NA,NA,NA,NA,NA,NA,NA,NA,NA,NA,NA,NA,NA
16,"The North","The North","The North","The North","The North","The North","North of the Wall","The Riverlands","The Riverlands","North of the Wall","North of the Wall","North of the Wall","The Crownlands","The Crownlands","The Crownlands","The Crownlands","The Crownlands","The Crownlands","The Crownlands","The Crownlands","The Crownlands","The Crownlands","The Crownlands","The Crownlands","The Crownlands","Qarth","Qarth","The Riverlands","The Riverlands","The Riverlands","The Riverlands","The Riverlands","The Westerlands","The Westerlands","The Westerlands","The Westerlands","North of the Wall","The Westerlands","The North","The Crownlands","The North","The North","The North","Qarth","Qarth","Qarth",NA,NA,NA,NA,NA,NA,NA,NA,NA,NA,NA,NA,NA,NA,NA,NA,NA,NA,NA,NA,NA,NA,NA,NA,NA,NA,NA,NA,NA,NA,NA,NA,NA,NA,NA,NA,NA,NA,NA,NA,NA,NA,NA,NA,NA,NA,NA,NA,NA,NA,NA,NA,NA,NA,NA,NA,NA,NA,NA,NA,NA,NA,NA,NA,NA,NA,NA,NA,NA,NA,NA,NA,NA,NA,NA,NA,NA,NA,NA,NA,NA,NA,NA,NA,NA,NA,NA,NA,NA,NA,NA,NA,NA,NA,NA,NA,NA,NA,NA,NA,NA,NA,NA,NA,NA,NA,NA,NA,NA,NA,NA,NA,NA,NA,NA,NA,NA,NA,NA,NA,NA,NA,NA,NA,NA,NA,NA,NA,NA,NA,NA,NA,NA,NA,NA,NA,NA,NA,NA,NA,NA,NA,NA,NA,NA,NA,NA,NA,NA,NA,NA,NA,NA,NA,NA,NA,NA,NA,NA,NA,NA,NA,NA,NA,NA,NA,NA,NA,NA,NA,NA,NA,NA,NA,NA,NA,NA,NA,NA,NA,NA,NA,NA,NA,NA,NA,NA,NA,NA,NA,NA,NA
17,"The North","The North","The North","The North","North of the Wall","North of the Wall","The Riverlands","The Riverlands","The Crownlands","Qarth","North of the Wall","The Westerlands","The Westerlands","The Westerlands","The North","Qarth","North of the Wall","North of the Wall","The Crownlands","The Crownlands","The Crownlands","The Crownlands","The Crownlands","The Crownlands","The Westerlands","The Westerlands","Qarth","Qarth","Qarth","The Westerlands","The Westerlands","The Westerlands","The Westerlands","The Crownlands","The Westerlands","The Westerlands","The North",NA,NA,NA,NA,NA,NA,NA,NA,NA,NA,NA,NA,NA,NA,NA,NA,NA,NA,NA,NA,NA,NA,NA,NA,NA,NA,NA,NA,NA,NA,NA,NA,NA,NA,NA,NA,NA,NA,NA,NA,NA,NA,NA,NA,NA,NA,NA,NA,NA,NA,NA,NA,NA,NA,NA,NA,NA,NA,NA,NA,NA,NA,NA,NA,NA,NA,NA,NA,NA,NA,NA,NA,NA,NA,NA,NA,NA,NA,NA,NA,NA,NA,NA,NA,NA,NA,NA,NA,NA,NA,NA,NA,NA,NA,NA,NA,NA,NA,NA,NA,NA,NA,NA,NA,NA,NA,NA,NA,NA,NA,NA,NA,NA,NA,NA,NA,NA,NA,NA,NA,NA,NA,NA,NA,NA,NA,NA,NA,NA,NA,NA,NA,NA,NA,NA,NA,NA,NA,NA,NA,NA,NA,NA,NA,NA,NA,NA,NA,NA,NA,NA,NA,NA,NA,NA,NA,NA,NA,NA,NA,NA,NA,NA,NA,NA,NA,NA,NA,NA,NA,NA,NA,NA,NA,NA,NA,NA,NA,NA,NA,NA,NA,NA,NA,NA,NA,NA,NA,NA,NA,NA,NA,NA,NA,NA,NA,NA,NA,NA,NA,NA
18,"The North","The North","North of the Wall","North of the Wall","North of the Wall","The Westerlands","The Westerlands","The Westerlands","The Westerlands","The Riverlands","The Riverlands","The Riverlands","The Riverlands","The Riverlands","North of the Wall","The Crownlands","The Crownlands","North of the Wall","The Riverlands","The Riverlands","The Crownlands","The Crownlands","The Crownlands","The Crownlands","The Crownlands","The Crownlands","The Crownlands","The Westerlands","The Westerlands","The Westerlands","The Riverlands","The Crownlands","The Crownlands","The Crownlands","The Crownlands","Qarth","Qarth","The North","The North","The North","The North","The North",NA,NA,NA,NA,NA,NA,NA,NA,NA,NA,NA,NA,NA,NA,NA,NA,NA,NA,NA,NA,NA,NA,NA,NA,NA,NA,NA,NA,NA,NA,NA,NA,NA,NA,NA,NA,NA,NA,NA,NA,NA,NA,NA,NA,NA,NA,NA,NA,NA,NA,NA,NA,NA,NA,NA,NA,NA,NA,NA,NA,NA,NA,NA,NA,NA,NA,NA,NA,NA,NA,NA,NA,NA,NA,NA,NA,NA,NA,NA,NA,NA,NA,NA,NA,NA,NA,NA,NA,NA,NA,NA,NA,NA,NA,NA,NA,NA,NA,NA,NA,NA,NA,NA,NA,NA,NA,NA,NA,NA,NA,NA,NA,NA,NA,NA,NA,NA,NA,NA,NA,NA,NA,NA,NA,NA,NA,NA,NA,NA,NA,NA,NA,NA,NA,NA,NA,NA,NA,NA,NA,NA,NA,NA,NA,NA,NA,NA,NA,NA,NA,NA,NA,NA,NA,NA,NA,NA,NA,NA,NA,NA,NA,NA,NA,NA,NA,NA,NA,NA,NA,NA,NA,NA,NA,NA,NA,NA,NA,NA,NA,NA,NA,NA,NA,NA,NA,NA,NA,NA,NA,NA,NA,NA,NA,NA,NA
19,"The Crownlands","The Crownlands","The Crownlands","The Crownlands","The Crownlands","The Crownlands","The Crownlands","The Crownlands","The Crownlands","The Crownlands","The Crownlands","The Crownlands","The Crownlands","The Crownlands","The Crownlands","The Crownlands","The Crownlands","The Crownlands","The Crownlands","The Crownlands","The Crownlands","The Crownlands","The Crownlands","The Crownlands","The Crownlands","The Crownlands","The Crownlands","The Crownlands","The Crownlands","The Crownlands","The Crownlands","The Crownlands","The Crownlands","The Crownlands","The Crownlands","The Crownlands","The Crownlands","The Crownlands","The Crownlands","The Crownlands","The Crownlands","The Crownlands","The Crownlands","The Crownlands","The Crownlands","The Crownlands","The Crownlands","The Crownlands","The Crownlands","The Crownlands","The Crownlands","The Crownlands","The Crownlands","The Crownlands","The Crownlands","The Crownlands","The Crownlands","The Crownlands","The Crownlands","The Crownlands","The Crownlands","The Crownlands","The Crownlands","The Crownlands","The Crownlands","The Crownlands","The Crownlands","The Crownlands","The Crownlands","The Crownlands","The Crownlands","The Crownlands","The Crownlands","The Crownlands","The Crownlands","The Crownlands","The Crownlands","The Crownlands","The Crownlands","The Crownlands","The Crownlands","The Crownlands","The Crownlands","The Crownlands","The Crownlands","The Crownlands","The Crownlands","The Crownlands","The Crownlands","The Crownlands","The Crownlands","The Crownlands","The Crownlands","The Crownlands","The Crownlands","The Crownlands","The Crownlands","The Crownlands",NA,NA,NA,NA,NA,NA,NA,NA,NA,NA,NA,NA,NA,NA,NA,NA,NA,NA,NA,NA,NA,NA,NA,NA,NA,NA,NA,NA,NA,NA,NA,NA,NA,NA,NA,NA,NA,NA,NA,NA,NA,NA,NA,NA,NA,NA,NA,NA,NA,NA,NA,NA,NA,NA,NA,NA,NA,NA,NA,NA,NA,NA,NA,NA,NA,NA,NA,NA,NA,NA,NA,NA,NA,NA,NA,NA,NA,NA,NA,NA,NA,NA,NA,NA,NA,NA,NA,NA,NA,NA,NA,NA,NA,NA,NA,NA,NA,NA,NA,NA,NA,NA,NA,NA,NA,NA,NA,NA,NA,NA,NA,NA,NA,NA,NA,NA,NA,NA,NA,NA,NA,NA,NA,NA,NA,NA,NA,NA,NA,NA,NA,NA,NA,NA,NA,NA,NA,NA,NA,NA
20,"The Crownlands","The Crownlands","The Crownlands","The Crownlands","The Crownlands","The Crownlands","The Riverlands","The Riverlands","The Westerlands","The Crownlands","The North","The North","The North","The Crownlands","The Crownlands","The Crownlands","The Westerlands","Qarth","Qarth","Qarth","Qarth","The Riverlands","The Riverlands","The Riverlands","The Riverlands","The North","The North","The North","The North","Qarth","Qarth","Qarth","Qarth","Qarth","North of the Wall","North of the Wall","Qarth","Qarth","Qarth","Qarth","Qarth","North of the Wall","North of the Wall","North of the Wall","North of the Wall",NA,NA,NA,NA,NA,NA,NA,NA,NA,NA,NA,NA,NA,NA,NA,NA,NA,NA,NA,NA,NA,NA,NA,NA,NA,NA,NA,NA,NA,NA,NA,NA,NA,NA,NA,NA,NA,NA,NA,NA,NA,NA,NA,NA,NA,NA,NA,NA,NA,NA,NA,NA,NA,NA,NA,NA,NA,NA,NA,NA,NA,NA,NA,NA,NA,NA,NA,NA,NA,NA,NA,NA,NA,NA,NA,NA,NA,NA,NA,NA,NA,NA,NA,NA,NA,NA,NA,NA,NA,NA,NA,NA,NA,NA,NA,NA,NA,NA,NA,NA,NA,NA,NA,NA,NA,NA,NA,NA,NA,NA,NA,NA,NA,NA,NA,NA,NA,NA,NA,NA,NA,NA,NA,NA,NA,NA,NA,NA,NA,NA,NA,NA,NA,NA,NA,NA,NA,NA,NA,NA,NA,NA,NA,NA,NA,NA,NA,NA,NA,NA,NA,NA,NA,NA,NA,NA,NA,NA,NA,NA,NA,NA,NA,NA,NA,NA,NA,NA,NA,NA,NA,NA,NA,NA,NA,NA,NA,NA,NA,NA,NA,NA,NA,NA,NA,NA,NA,NA,NA,NA,NA,NA,NA
21,"North of the Wall","North of the Wall","North of the Wall","North of the Wall","North of the Wall","North of the Wall","North of the Wall","North of the Wall","North of the Wall","North of the Wall","North of the Wall","The Crownlands","The Crownlands","The Crownlands","The Crownlands","The Crownlands","The Crownlands","The Crownlands","The Crownlands","The Crownlands","The Riverlands","The Riverlands","The Riverlands","The Riverlands","The Crownlands","The Crownlands","The Crownlands","The Crownlands","The Crownlands","The Summer Sea","The Summer Sea","The Summer Sea","The Crownlands","The Crownlands","The Crownlands","The Crownlands","The Crownlands","The Crownlands","The Crownlands","The Crownlands","The Crownlands","The Crownlands","Astapor","Astapor","Astapor","Astapor",NA,NA,NA,NA,NA,NA,NA,NA,NA,NA,NA,NA,NA,NA,NA,NA,NA,NA,NA,NA,NA,NA,NA,NA,NA,NA,NA,NA,NA,NA,NA,NA,NA,NA,NA,NA,NA,NA,NA,NA,NA,NA,NA,NA,NA,NA,NA,NA,NA,NA,NA,NA,NA,NA,NA,NA,NA,NA,NA,NA,NA,NA,NA,NA,NA,NA,NA,NA,NA,NA,NA,NA,NA,NA,NA,NA,NA,NA,NA,NA,NA,NA,NA,NA,NA,NA,NA,NA,NA,NA,NA,NA,NA,NA,NA,NA,NA,NA,NA,NA,NA,NA,NA,NA,NA,NA,NA,NA,NA,NA,NA,NA,NA,NA,NA,NA,NA,NA,NA,NA,NA,NA,NA,NA,NA,NA,NA,NA,NA,NA,NA,NA,NA,NA,NA,NA,NA,NA,NA,NA,NA,NA,NA,NA,NA,NA,NA,NA,NA,NA,NA,NA,NA,NA,NA,NA,NA,NA,NA,NA,NA,NA,NA,NA,NA,NA,NA,NA,NA,NA,NA,NA,NA,NA,NA,NA,NA,NA,NA,NA,NA,NA,NA,NA,NA,NA,NA,NA,NA,NA,NA,NA
22,"The North","The North","The North","The North","The North","The Riverlands","The Riverlands","The Riverlands","The North","The Riverlands","The Riverlands","The Crownlands","The Crownlands","The Crownlands","The Crownlands","The Crownlands","The Crownlands","The Crownlands","The Crownlands","The Crownlands","The Crownlands","The Crownlands","The Riverlands","The Riverlands","North of the Wall","North of the Wall","North of the Wall","North of the Wall","North of the Wall","The North","The North","The North","The North","The Riverlands","The Riverlands","The Crownlands","The Crownlands","The Crownlands","The North","The North","The North","The North","The North","The North","The North","The Riverlands","The Riverlands","The Riverlands","The Riverlands",NA,NA,NA,NA,NA,NA,NA,NA,NA,NA,NA,NA,NA,NA,NA,NA,NA,NA,NA,NA,NA,NA,NA,NA,NA,NA,NA,NA,NA,NA,NA,NA,NA,NA,NA,NA,NA,NA,NA,NA,NA,NA,NA,NA,NA,NA,NA,NA,NA,NA,NA,NA,NA,NA,NA,NA,NA,NA,NA,NA,NA,NA,NA,NA,NA,NA,NA,NA,NA,NA,NA,NA,NA,NA,NA,NA,NA,NA,NA,NA,NA,NA,NA,NA,NA,NA,NA,NA,NA,NA,NA,NA,NA,NA,NA,NA,NA,NA,NA,NA,NA,NA,NA,NA,NA,NA,NA,NA,NA,NA,NA,NA,NA,NA,NA,NA,NA,NA,NA,NA,NA,NA,NA,NA,NA,NA,NA,NA,NA,NA,NA,NA,NA,NA,NA,NA,NA,NA,NA,NA,NA,NA,NA,NA,NA,NA,NA,NA,NA,NA,NA,NA,NA,NA,NA,NA,NA,NA,NA,NA,NA,NA,NA,NA,NA,NA,NA,NA,NA,NA,NA,NA,NA,NA,NA,NA,NA,NA,NA,NA,NA,NA,NA,NA,NA,NA,NA,NA,NA
23,"The Riverlands","The Riverlands","The Crownlands","The Riverlands","The Riverlands","The Riverlands","The Riverlands","The Riverlands","The Riverlands","The Riverlands","The Riverlands","North of the Wall","North of the Wall","North of the Wall","North of the Wall","North of the Wall","North of the Wall","The North","The North","The Crownlands","Astapor","Astapor","Astapor","Astapor","Astapor","Astapor","Astapor","The Crownlands","The Crownlands","The Crownlands","The Crownlands","The Crownlands","The Crownlands","The Crownlands","The North","The North","The Riverlands","The Riverlands","The Riverlands","The Riverlands","The Riverlands","The Riverlands",NA,NA,NA,NA,NA,NA,NA,NA,NA,NA,NA,NA,NA,NA,NA,NA,NA,NA,NA,NA,NA,NA,NA,NA,NA,NA,NA,NA,NA,NA,NA,NA,NA,NA,NA,NA,NA,NA,NA,NA,NA,NA,NA,NA,NA,NA,NA,NA,NA,NA,NA,NA,NA,NA,NA,NA,NA,NA,NA,NA,NA,NA,NA,NA,NA,NA,NA,NA,NA,NA,NA,NA,NA,NA,NA,NA,NA,NA,NA,NA,NA,NA,NA,NA,NA,NA,NA,NA,NA,NA,NA,NA,NA,NA,NA,NA,NA,NA,NA,NA,NA,NA,NA,NA,NA,NA,NA,NA,NA,NA,NA,NA,NA,NA,NA,NA,NA,NA,NA,NA,NA,NA,NA,NA,NA,NA,NA,NA,NA,NA,NA,NA,NA,NA,NA,NA,NA,NA,NA,NA,NA,NA,NA,NA,NA,NA,NA,NA,NA,NA,NA,NA,NA,NA,NA,NA,NA,NA,NA,NA,NA,NA,NA,NA,NA,NA,NA,NA,NA,NA,NA,NA,NA,NA,NA,NA,NA,NA,NA,NA,NA,NA,NA,NA,NA,NA,NA,NA,NA,NA,NA,NA,NA,NA,NA,NA
24,"The Riverlands","The Crownlands","The Crownlands","North of the Wall","North of the Wall","North of the Wall","The North","The North","The North","The Crownlands","The Crownlands","The Crownlands","The Crownlands","The Crownlands","The Crownlands","The Crownlands","The North","The North","The North","The Riverlands","The Riverlands","The Crownlands","The Crownlands","The Crownlands","The Crownlands","The Crownlands","The Crownlands","North of the Wall","North of the Wall","North of the Wall","North of the Wall","North of the Wall","North of the Wall","North of the Wall","North of the Wall","North of the Wall","North of the Wall","North of the Wall","The Riverlands","The Riverlands","The Riverlands","Astapor","Astapor","Astapor","Astapor","Astapor","Astapor","Astapor","Astapor",NA,NA,NA,NA,NA,NA,NA,NA,NA,NA,NA,NA,NA,NA,NA,NA,NA,NA,NA,NA,NA,NA,NA,NA,NA,NA,NA,NA,NA,NA,NA,NA,NA,NA,NA,NA,NA,NA,NA,NA,NA,NA,NA,NA,NA,NA,NA,NA,NA,NA,NA,NA,NA,NA,NA,NA,NA,NA,NA,NA,NA,NA,NA,NA,NA,NA,NA,NA,NA,NA,NA,NA,NA,NA,NA,NA,NA,NA,NA,NA,NA,NA,NA,NA,NA,NA,NA,NA,NA,NA,NA,NA,NA,NA,NA,NA,NA,NA,NA,NA,NA,NA,NA,NA,NA,NA,NA,NA,NA,NA,NA,NA,NA,NA,NA,NA,NA,NA,NA,NA,NA,NA,NA,NA,NA,NA,NA,NA,NA,NA,NA,NA,NA,NA,NA,NA,NA,NA,NA,NA,NA,NA,NA,NA,NA,NA,NA,NA,NA,NA,NA,NA,NA,NA,NA,NA,NA,NA,NA,NA,NA,NA,NA,NA,NA,NA,NA,NA,NA,NA,NA,NA,NA,NA,NA,NA,NA,NA,NA,NA,NA,NA,NA,NA,NA,NA,NA,NA,NA
25,"The Riverlands","The Riverlands","North of the Wall","North of the Wall","North of the Wall","The Riverlands","The Riverlands","The Riverlands","The Crownlands","The Crownlands","The Crownlands","The Crownlands","The Riverlands","The Riverlands","The Riverlands","The Riverlands","The Riverlands","The Riverlands","The Riverlands","The Riverlands","The Crownlands","The Crownlands","The Crownlands","The Crownlands","The Riverlands","The Crownlands","Yunkai","Yunkai","Yunkai","Yunkai","The Riverlands","The Crownlands","The Crownlands","The Crownlands","The Crownlands","The Crownlands",NA,NA,NA,NA,NA,NA,NA,NA,NA,NA,NA,NA,NA,NA,NA,NA,NA,NA,NA,NA,NA,NA,NA,NA,NA,NA,NA,NA,NA,NA,NA,NA,NA,NA,NA,NA,NA,NA,NA,NA,NA,NA,NA,NA,NA,NA,NA,NA,NA,NA,NA,NA,NA,NA,NA,NA,NA,NA,NA,NA,NA,NA,NA,NA,NA,NA,NA,NA,NA,NA,NA,NA,NA,NA,NA,NA,NA,NA,NA,NA,NA,NA,NA,NA,NA,NA,NA,NA,NA,NA,NA,NA,NA,NA,NA,NA,NA,NA,NA,NA,NA,NA,NA,NA,NA,NA,NA,NA,NA,NA,NA,NA,NA,NA,NA,NA,NA,NA,NA,NA,NA,NA,NA,NA,NA,NA,NA,NA,NA,NA,NA,NA,NA,NA,NA,NA,NA,NA,NA,NA,NA,NA,NA,NA,NA,NA,NA,NA,NA,NA,NA,NA,NA,NA,NA,NA,NA,NA,NA,NA,NA,NA,NA,NA,NA,NA,NA,NA,NA,NA,NA,NA,NA,NA,NA,NA,NA,NA,NA,NA,NA,NA,NA,NA,NA,NA,NA,NA,NA,NA,NA,NA,NA,NA,NA,NA,NA,NA,NA,NA,NA,NA
26,"North of the Wall","The North","North of the Wall","North of the Wall","North of the Wall","The Riverlands","The Riverlands","The Riverlands","The Riverlands","North of the Wall","The North","The Riverlands","The Riverlands","The Riverlands","The Crownlands","North of the Wall","The Crownlands","The Crownlands","The Crownlands","The Crownlands","The Crownlands","The Crownlands","The Crownlands","The Crownlands","The Wall","The Wall",NA,NA,NA,NA,NA,NA,NA,NA,NA,NA,NA,NA,NA,NA,NA,NA,NA,NA,NA,NA,NA,NA,NA,NA,NA,NA,NA,NA,NA,NA,NA,NA,NA,NA,NA,NA,NA,NA,NA,NA,NA,NA,NA,NA,NA,NA,NA,NA,NA,NA,NA,NA,NA,NA,NA,NA,NA,NA,NA,NA,NA,NA,NA,NA,NA,NA,NA,NA,NA,NA,NA,NA,NA,NA,NA,NA,NA,NA,NA,NA,NA,NA,NA,NA,NA,NA,NA,NA,NA,NA,NA,NA,NA,NA,NA,NA,NA,NA,NA,NA,NA,NA,NA,NA,NA,NA,NA,NA,NA,NA,NA,NA,NA,NA,NA,NA,NA,NA,NA,NA,NA,NA,NA,NA,NA,NA,NA,NA,NA,NA,NA,NA,NA,NA,NA,NA,NA,NA,NA,NA,NA,NA,NA,NA,NA,NA,NA,NA,NA,NA,NA,NA,NA,NA,NA,NA,NA,NA,NA,NA,NA,NA,NA,NA,NA,NA,NA,NA,NA,NA,NA,NA,NA,NA,NA,NA,NA,NA,NA,NA,NA,NA,NA,NA,NA,NA,NA,NA,NA,NA,NA,NA,NA,NA,NA,NA,NA,NA,NA,NA,NA,NA,NA,NA,NA,NA,NA,NA,NA,NA,NA,NA
27,"The Wall","The Wall","The Wall","The Riverlands","The Riverlands","The Riverlands","The North","The North","The North","The Crownlands","The Crownlands","The Crownlands","Yunkai","Yunkai","Yunkai","Yunkai","Yunkai","Yunkai","The Crownlands","The Crownlands","The Riverlands","The Riverlands","The Riverlands","The Riverlands","The Riverlands","The Riverlands","The Riverlands","The Riverlands","The Riverlands","The North","The North","The North","The North","The North","The North","The Riverlands","The Riverlands","The Riverlands","The Riverlands","The Riverlands","The Riverlands","The Riverlands","The Riverlands","The Riverlands",NA,NA,NA,NA,NA,NA,NA,NA,NA,NA,NA,NA,NA,NA,NA,NA,NA,NA,NA,NA,NA,NA,NA,NA,NA,NA,NA,NA,NA,NA,NA,NA,NA,NA,NA,NA,NA,NA,NA,NA,NA,NA,NA,NA,NA,NA,NA,NA,NA,NA,NA,NA,NA,NA,NA,NA,NA,NA,NA,NA,NA,NA,NA,NA,NA,NA,NA,NA,NA,NA,NA,NA,NA,NA,NA,NA,NA,NA,NA,NA,NA,NA,NA,NA,NA,NA,NA,NA,NA,NA,NA,NA,NA,NA,NA,NA,NA,NA,NA,NA,NA,NA,NA,NA,NA,NA,NA,NA,NA,NA,NA,NA,NA,NA,NA,NA,NA,NA,NA,NA,NA,NA,NA,NA,NA,NA,NA,NA,NA,NA,NA,NA,NA,NA,NA,NA,NA,NA,NA,NA,NA,NA,NA,NA,NA,NA,NA,NA,NA,NA,NA,NA,NA,NA,NA,NA,NA,NA,NA,NA,NA,NA,NA,NA,NA,NA,NA,NA,NA,NA,NA,NA,NA,NA,NA,NA,NA,NA,NA,NA,NA,NA,NA,NA,NA,NA,NA,NA,NA,NA,NA,NA,NA,NA
28,"The Riverlands","The Riverlands","Yunkai","Yunkai","Yunkai","The Crownlands","The Crownlands","The Crownlands","The Crownlands","The Crownlands","Yunkai","The Crownlands","The Crownlands","The Crownlands","The Crownlands","The Crownlands","The Crownlands","The Crownlands","The Crownlands","The Crownlands","The Crownlands","The Crownlands","The Crownlands","The Crownlands","The Crownlands","The Crownlands","The Crownlands","The Crownlands","The Crownlands","The Crownlands","The Crownlands","The Crownlands","The Crownlands","The Crownlands","The Crownlands","Yunkai","Yunkai","Yunkai","Yunkai","Yunkai","The Crownlands","North of the Wall","North of the Wall","North of the Wall","North of the Wall","North of the Wall",NA,NA,NA,NA,NA,NA,NA,NA,NA,NA,NA,NA,NA,NA,NA,NA,NA,NA,NA,NA,NA,NA,NA,NA,NA,NA,NA,NA,NA,NA,NA,NA,NA,NA,NA,NA,NA,NA,NA,NA,NA,NA,NA,NA,NA,NA,NA,NA,NA,NA,NA,NA,NA,NA,NA,NA,NA,NA,NA,NA,NA,NA,NA,NA,NA,NA,NA,NA,NA,NA,NA,NA,NA,NA,NA,NA,NA,NA,NA,NA,NA,NA,NA,NA,NA,NA,NA,NA,NA,NA,NA,NA,NA,NA,NA,NA,NA,NA,NA,NA,NA,NA,NA,NA,NA,NA,NA,NA,NA,NA,NA,NA,NA,NA,NA,NA,NA,NA,NA,NA,NA,NA,NA,NA,NA,NA,NA,NA,NA,NA,NA,NA,NA,NA,NA,NA,NA,NA,NA,NA,NA,NA,NA,NA,NA,NA,NA,NA,NA,NA,NA,NA,NA,NA,NA,NA,NA,NA,NA,NA,NA,NA,NA,NA,NA,NA,NA,NA,NA,NA,NA,NA,NA,NA,NA,NA,NA,NA,NA,NA,NA,NA,NA,NA,NA,NA,NA,NA,NA,NA,NA,NA
29,"The Riverlands","The Riverlands","The Riverlands","Yunkai","Yunkai","North of the Wall","The Riverlands","The North","The North","The North","The North","The North","The North","The Riverlands","The North","The North","The North","The North","The North","The North","The North","The North","The North","The North","The North","The North","The North","The North","The North","Yunkai","Yunkai","Yunkai","Yunkai","The Riverlands","The North","The North","Yunkai","Yunkai","Yunkai","The Riverlands","The Riverlands","The Riverlands","The Riverlands","The Riverlands","The Riverlands","The Riverlands","The Riverlands","The Riverlands","The Riverlands","The Riverlands","The Riverlands","The Riverlands","The Riverlands","The Riverlands","The Riverlands","The Riverlands","The Riverlands","The Riverlands","The Riverlands","The Riverlands","The Riverlands","The Riverlands","The Riverlands","The Riverlands","The Riverlands","The Riverlands",NA,NA,NA,NA,NA,NA,NA,NA,NA,NA,NA,NA,NA,NA,NA,NA,NA,NA,NA,NA,NA,NA,NA,NA,NA,NA,NA,NA,NA,NA,NA,NA,NA,NA,NA,NA,NA,NA,NA,NA,NA,NA,NA,NA,NA,NA,NA,NA,NA,NA,NA,NA,NA,NA,NA,NA,NA,NA,NA,NA,NA,NA,NA,NA,NA,NA,NA,NA,NA,NA,NA,NA,NA,NA,NA,NA,NA,NA,NA,NA,NA,NA,NA,NA,NA,NA,NA,NA,NA,NA,NA,NA,NA,NA,NA,NA,NA,NA,NA,NA,NA,NA,NA,NA,NA,NA,NA,NA,NA,NA,NA,NA,NA,NA,NA,NA,NA,NA,NA,NA,NA,NA,NA,NA,NA,NA,NA,NA,NA,NA,NA,NA,NA,NA,NA,NA,NA,NA,NA,NA,NA,NA,NA,NA,NA,NA,NA,NA,NA,NA,NA,NA,NA,NA,NA,NA,NA,NA,NA,NA,NA,NA,NA,NA,NA,NA,NA,NA,NA,NA,NA,NA
30,"The Riverlands","The Riverlands","The Riverlands","The Riverlands","The Crownlands","The Crownlands","The Crownlands","The Crownlands","The Crownlands","The Crownlands","The Crownlands","The Wall","The Wall","The Riverlands","The North","The Wall","The Wall","The Iron Islands","The Iron Islands","The Wall","The Crownlands","The Crownlands","The Crownlands","The Crownlands","The Crownlands","The Riverlands","The North","The Wall","The Crownlands","The Crownlands","The Crownlands","The Crownlands","The Wall","The Wall","The Crownlands","The Crownlands","The Crownlands","The Crownlands","Yunkai","Yunkai","Yunkai","Yunkai","Yunkai",NA,NA,NA,NA,NA,NA,NA,NA,NA,NA,NA,NA,NA,NA,NA,NA,NA,NA,NA,NA,NA,NA,NA,NA,NA,NA,NA,NA,NA,NA,NA,NA,NA,NA,NA,NA,NA,NA,NA,NA,NA,NA,NA,NA,NA,NA,NA,NA,NA,NA,NA,NA,NA,NA,NA,NA,NA,NA,NA,NA,NA,NA,NA,NA,NA,NA,NA,NA,NA,NA,NA,NA,NA,NA,NA,NA,NA,NA,NA,NA,NA,NA,NA,NA,NA,NA,NA,NA,NA,NA,NA,NA,NA,NA,NA,NA,NA,NA,NA,NA,NA,NA,NA,NA,NA,NA,NA,NA,NA,NA,NA,NA,NA,NA,NA,NA,NA,NA,NA,NA,NA,NA,NA,NA,NA,NA,NA,NA,NA,NA,NA,NA,NA,NA,NA,NA,NA,NA,NA,NA,NA,NA,NA,NA,NA,NA,NA,NA,NA,NA,NA,NA,NA,NA,NA,NA,NA,NA,NA,NA,NA,NA,NA,NA,NA,NA,NA,NA,NA,NA,NA,NA,NA,NA,NA,NA,NA,NA,NA,NA,NA,NA,NA,NA,NA,NA,NA,NA,NA,NA,NA,NA,NA,NA,NA
31,"The Crownlands","The Crownlands","The Crownlands","The Crownlands","The Crownlands","The Crownlands","The Crownlands","The Crownlands","The Crownlands","The Crownlands","The Crownlands","Meereen","Meereen","Meereen","Meereen","Meereen","Meereen","Meereen","The Crownlands","The Crownlands","The Crownlands","The Crownlands","The Crownlands","The Crownlands","The Crownlands","The Crownlands","The Wall","The Wall","The Wall","The Wall","The Wall","The Wall","The Wall","The Crownlands","The Crownlands","The Crownlands","The Crownlands","The Crownlands","Meereen","Meereen","Meereen","Meereen","Meereen","The Crownlands","The Crownlands","The Crownlands","The Crownlands","The Riverlands","The Riverlands","The Riverlands","The Riverlands","The Riverlands","The Riverlands","The Riverlands","The Riverlands",NA,NA,NA,NA,NA,NA,NA,NA,NA,NA,NA,NA,NA,NA,NA,NA,NA,NA,NA,NA,NA,NA,NA,NA,NA,NA,NA,NA,NA,NA,NA,NA,NA,NA,NA,NA,NA,NA,NA,NA,NA,NA,NA,NA,NA,NA,NA,NA,NA,NA,NA,NA,NA,NA,NA,NA,NA,NA,NA,NA,NA,NA,NA,NA,NA,NA,NA,NA,NA,NA,NA,NA,NA,NA,NA,NA,NA,NA,NA,NA,NA,NA,NA,NA,NA,NA,NA,NA,NA,NA,NA,NA,NA,NA,NA,NA,NA,NA,NA,NA,NA,NA,NA,NA,NA,NA,NA,NA,NA,NA,NA,NA,NA,NA,NA,NA,NA,NA,NA,NA,NA,NA,NA,NA,NA,NA,NA,NA,NA,NA,NA,NA,NA,NA,NA,NA,NA,NA,NA,NA,NA,NA,NA,NA,NA,NA,NA,NA,NA,NA,NA,NA,NA,NA,NA,NA,NA,NA,NA,NA,NA,NA,NA,NA,NA,NA,NA,NA,NA,NA,NA,NA,NA,NA,NA,NA,NA,NA,NA,NA,NA,NA,NA
32,"The North","The Crownlands","The Crownlands","The Crownlands","The North","The North","The North","The North","The Crownlands","The Crownlands","The Crownlands","The Crownlands","The Crownlands","The Crownlands","The Crownlands","The Crownlands","The Crownlands","The Crownlands","The Crownlands","The Crownlands","The Crownlands","The Crownlands","The Crownlands","The Crownlands","The Crownlands","The Crownlands","The Crownlands","North of the Wall","North of the Wall","North of the Wall","North of the Wall","North of the Wall","North of the Wall","North of the Wall","The Crownlands","The Crownlands","The Crownlands","The Crownlands","The Crownlands","The Crownlands","The Crownlands","The Crownlands","The Crownlands","The Crownlands","The Crownlands","The Crownlands","The Crownlands","The Crownlands","The Crownlands","The Crownlands","The Crownlands","The Crownlands","The Crownlands","The Crownlands","The Crownlands","The Crownlands","The Crownlands","The Crownlands","The Crownlands","The Crownlands","The Crownlands","The Crownlands","The Crownlands","The Crownlands","The Crownlands","The Crownlands","The Crownlands","The Crownlands","The Crownlands","The Crownlands","The Crownlands","The Crownlands","The Crownlands","The Crownlands","The Crownlands","The Crownlands","The Crownlands","The Crownlands","The Crownlands","The Crownlands",NA,NA,NA,NA,NA,NA,NA,NA,NA,NA,NA,NA,NA,NA,NA,NA,NA,NA,NA,NA,NA,NA,NA,NA,NA,NA,NA,NA,NA,NA,NA,NA,NA,NA,NA,NA,NA,NA,NA,NA,NA,NA,NA,NA,NA,NA,NA,NA,NA,NA,NA,NA,NA,NA,NA,NA,NA,NA,NA,NA,NA,NA,NA,NA,NA,NA,NA,NA,NA,NA,NA,NA,NA,NA,NA,NA,NA,NA,NA,NA,NA,NA,NA,NA,NA,NA,NA,NA,NA,NA,NA,NA,NA,NA,NA,NA,NA,NA,NA,NA,NA,NA,NA,NA,NA,NA,NA,NA,NA,NA,NA,NA,NA,NA,NA,NA,NA,NA,NA,NA,NA,NA,NA,NA,NA,NA,NA,NA,NA,NA,NA,NA,NA,NA,NA,NA,NA,NA,NA,NA,NA,NA,NA,NA,NA,NA,NA,NA,NA,NA,NA,NA,NA,NA,NA,NA,NA,NA
33,"The Crownlands","The Crownlands","The Crownlands","The Crownlands","The Crownlands","The Crownlands","The Crownlands","The Crownlands","The Crownlands","The Crownlands","The Crownlands","The Crownlands","The Crownlands","The Crownlands","The Crownlands","The Crownlands","The Crownlands","The Riverlands","The Riverlands","The Riverlands","The Riverlands","The Riverlands","The Wall","The Wall","The Wall","The Crownlands","The Crownlands","The Wall","The Wall","The Wall","The Wall","The Crownlands","The Crownlands","The Crownlands","The Crownlands","The Wall","The Wall","The Wall","The Wall","The Wall","The Wall","The Wall","Meereen","Meereen","Meereen","Meereen","Meereen","Meereen","Meereen","Meereen","Meereen","Meereen","Meereen",NA,NA,NA,NA,NA,NA,NA,NA,NA,NA,NA,NA,NA,NA,NA,NA,NA,NA,NA,NA,NA,NA,NA,NA,NA,NA,NA,NA,NA,NA,NA,NA,NA,NA,NA,NA,NA,NA,NA,NA,NA,NA,NA,NA,NA,NA,NA,NA,NA,NA,NA,NA,NA,NA,NA,NA,NA,NA,NA,NA,NA,NA,NA,NA,NA,NA,NA,NA,NA,NA,NA,NA,NA,NA,NA,NA,NA,NA,NA,NA,NA,NA,NA,NA,NA,NA,NA,NA,NA,NA,NA,NA,NA,NA,NA,NA,NA,NA,NA,NA,NA,NA,NA,NA,NA,NA,NA,NA,NA,NA,NA,NA,NA,NA,NA,NA,NA,NA,NA,NA,NA,NA,NA,NA,NA,NA,NA,NA,NA,NA,NA,NA,NA,NA,NA,NA,NA,NA,NA,NA,NA,NA,NA,NA,NA,NA,NA,NA,NA,NA,NA,NA,NA,NA,NA,NA,NA,NA,NA,NA,NA,NA,NA,NA,NA,NA,NA,NA,NA,NA,NA,NA,NA,NA,NA,NA,NA,NA,NA,NA,NA,NA,NA,NA,NA
34,"Meereen","Meereen","Meereen","Meereen","Meereen","Meereen","Meereen","Meereen","Meereen","Meereen","The Crownlands","The Crownlands","The Vale","The Crownlands","The Wall","The Wall","The Wall","The Wall","The Wall","The Wall","The Crownlands","The Crownlands","The Crownlands","The Crownlands","The Crownlands","The Wall","The Wall","The Wall","The Wall","North of the Wall","North of the Wall","North of the Wall","North of the Wall","North of the Wall","North of the Wall","North of the Wall","North of the Wall","North of the Wall","North of the Wall","North of the Wall","North of the Wall","North of the Wall",NA,NA,NA,NA,NA,NA,NA,NA,NA,NA,NA,NA,NA,NA,NA,NA,NA,NA,NA,NA,NA,NA,NA,NA,NA,NA,NA,NA,NA,NA,NA,NA,NA,NA,NA,NA,NA,NA,NA,NA,NA,NA,NA,NA,NA,NA,NA,NA,NA,NA,NA,NA,NA,NA,NA,NA,NA,NA,NA,NA,NA,NA,NA,NA,NA,NA,NA,NA,NA,NA,NA,NA,NA,NA,NA,NA,NA,NA,NA,NA,NA,NA,NA,NA,NA,NA,NA,NA,NA,NA,NA,NA,NA,NA,NA,NA,NA,NA,NA,NA,NA,NA,NA,NA,NA,NA,NA,NA,NA,NA,NA,NA,NA,NA,NA,NA,NA,NA,NA,NA,NA,NA,NA,NA,NA,NA,NA,NA,NA,NA,NA,NA,NA,NA,NA,NA,NA,NA,NA,NA,NA,NA,NA,NA,NA,NA,NA,NA,NA,NA,NA,NA,NA,NA,NA,NA,NA,NA,NA,NA,NA,NA,NA,NA,NA,NA,NA,NA,NA,NA,NA,NA,NA,NA,NA,NA,NA,NA,NA,NA,NA,NA,NA,NA,NA,NA,NA,NA,NA,NA,NA,NA,NA,NA,NA,NA
35,"The Crownlands","The Crownlands","The Crownlands","The Crownlands","The Crownlands","The Crownlands","The Crownlands","The Crownlands","The Crownlands","The Crownlands","Meereen","Meereen","The Vale","The Vale","The Vale","The Vale","The Vale","The Crownlands","The Riverlands","The Vale","The Riverlands","The Riverlands","The Riverlands","The Riverlands","The Crownlands","The Riverlands","North of the Wall","North of the Wall","North of the Wall","North of the Wall","North of the Wall","North of the Wall","North of the Wall","North of the Wall","North of the Wall","North of the Wall","North of the Wall","North of the Wall","North of the Wall","North of the Wall","North of the Wall","North of the Wall","North of the Wall","North of the Wall","North of the Wall","North of the Wall","North of the Wall","North of the Wall","North of the Wall","North of the Wall",NA,NA,NA,NA,NA,NA,NA,NA,NA,NA,NA,NA,NA,NA,NA,NA,NA,NA,NA,NA,NA,NA,NA,NA,NA,NA,NA,NA,NA,NA,NA,NA,NA,NA,NA,NA,NA,NA,NA,NA,NA,NA,NA,NA,NA,NA,NA,NA,NA,NA,NA,NA,NA,NA,NA,NA,NA,NA,NA,NA,NA,NA,NA,NA,NA,NA,NA,NA,NA,NA,NA,NA,NA,NA,NA,NA,NA,NA,NA,NA,NA,NA,NA,NA,NA,NA,NA,NA,NA,NA,NA,NA,NA,NA,NA,NA,NA,NA,NA,NA,NA,NA,NA,NA,NA,NA,NA,NA,NA,NA,NA,NA,NA,NA,NA,NA,NA,NA,NA,NA,NA,NA,NA,NA,NA,NA,NA,NA,NA,NA,NA,NA,NA,NA,NA,NA,NA,NA,NA,NA,NA,NA,NA,NA,NA,NA,NA,NA,NA,NA,NA,NA,NA,NA,NA,NA,NA,NA,NA,NA,NA,NA,NA,NA,NA,NA,NA,NA,NA,NA,NA,NA,NA,NA,NA,NA,NA,NA,NA,NA,NA,NA,NA,NA,NA,NA,NA,NA
36,"Braavos","Braavos","Braavos","Braavos","Braavos","The North","The North","The North","The North","The North","The North","The North","The North","The North","The North","The North","The North","The North","The North","Meereen","Meereen","Meereen","Meereen","The Crownlands","The Crownlands","The Crownlands","The Crownlands","The Crownlands","The Crownlands","The Crownlands","The Crownlands","The Crownlands","The Crownlands","The Crownlands","The Crownlands","The Crownlands","The Crownlands","The Crownlands",NA,NA,NA,NA,NA,NA,NA,NA,NA,NA,NA,NA,NA,NA,NA,NA,NA,NA,NA,NA,NA,NA,NA,NA,NA,NA,NA,NA,NA,NA,NA,NA,NA,NA,NA,NA,NA,NA,NA,NA,NA,NA,NA,NA,NA,NA,NA,NA,NA,NA,NA,NA,NA,NA,NA,NA,NA,NA,NA,NA,NA,NA,NA,NA,NA,NA,NA,NA,NA,NA,NA,NA,NA,NA,NA,NA,NA,NA,NA,NA,NA,NA,NA,NA,NA,NA,NA,NA,NA,NA,NA,NA,NA,NA,NA,NA,NA,NA,NA,NA,NA,NA,NA,NA,NA,NA,NA,NA,NA,NA,NA,NA,NA,NA,NA,NA,NA,NA,NA,NA,NA,NA,NA,NA,NA,NA,NA,NA,NA,NA,NA,NA,NA,NA,NA,NA,NA,NA,NA,NA,NA,NA,NA,NA,NA,NA,NA,NA,NA,NA,NA,NA,NA,NA,NA,NA,NA,NA,NA,NA,NA,NA,NA,NA,NA,NA,NA,NA,NA,NA,NA,NA,NA,NA,NA,NA,NA,NA,NA,NA,NA,NA,NA,NA,NA,NA,NA,NA,NA,NA,NA,NA,NA,NA,NA,NA,NA,NA,NA,NA
37,"The Crownlands","The Crownlands","The Riverlands","The Riverlands","The Riverlands","The Riverlands","The Riverlands","The Wall","The Wall","The Wall","The Crownlands","Meereen","The Crownlands","Meereen","Meereen","The Riverlands","The Riverlands","The Riverlands","The Riverlands","The Riverlands","The Crownlands","The Vale","The Vale","The Vale","The Vale","The Vale","The Vale",NA,NA,NA,NA,NA,NA,NA,NA,NA,NA,NA,NA,NA,NA,NA,NA,NA,NA,NA,NA,NA,NA,NA,NA,NA,NA,NA,NA,NA,NA,NA,NA,NA,NA,NA,NA,NA,NA,NA,NA,NA,NA,NA,NA,NA,NA,NA,NA,NA,NA,NA,NA,NA,NA,NA,NA,NA,NA,NA,NA,NA,NA,NA,NA,NA,NA,NA,NA,NA,NA,NA,NA,NA,NA,NA,NA,NA,NA,NA,NA,NA,NA,NA,NA,NA,NA,NA,NA,NA,NA,NA,NA,NA,NA,NA,NA,NA,NA,NA,NA,NA,NA,NA,NA,NA,NA,NA,NA,NA,NA,NA,NA,NA,NA,NA,NA,NA,NA,NA,NA,NA,NA,NA,NA,NA,NA,NA,NA,NA,NA,NA,NA,NA,NA,NA,NA,NA,NA,NA,NA,NA,NA,NA,NA,NA,NA,NA,NA,NA,NA,NA,NA,NA,NA,NA,NA,NA,NA,NA,NA,NA,NA,NA,NA,NA,NA,NA,NA,NA,NA,NA,NA,NA,NA,NA,NA,NA,NA,NA,NA,NA,NA,NA,NA,NA,NA,NA,NA,NA,NA,NA,NA,NA,NA,NA,NA,NA,NA,NA,NA,NA,NA,NA,NA,NA,NA,NA,NA,NA,NA,NA
38,"The Wall","The Wall","The Wall","The Wall","The Wall","Meereen","Meereen","Meereen","The North","The North","The North","The North","The North","The Vale","The Vale","The Vale","Meereen","Meereen","Meereen","Meereen","The North","The North","The Vale","The Vale","The Vale","The Vale","The Vale","The Crownlands","The Crownlands","The Crownlands","The Crownlands","The Crownlands","The Crownlands","The Crownlands",NA,NA,NA,NA,NA,NA,NA,NA,NA,NA,NA,NA,NA,NA,NA,NA,NA,NA,NA,NA,NA,NA,NA,NA,NA,NA,NA,NA,NA,NA,NA,NA,NA,NA,NA,NA,NA,NA,NA,NA,NA,NA,NA,NA,NA,NA,NA,NA,NA,NA,NA,NA,NA,NA,NA,NA,NA,NA,NA,NA,NA,NA,NA,NA,NA,NA,NA,NA,NA,NA,NA,NA,NA,NA,NA,NA,NA,NA,NA,NA,NA,NA,NA,NA,NA,NA,NA,NA,NA,NA,NA,NA,NA,NA,NA,NA,NA,NA,NA,NA,NA,NA,NA,NA,NA,NA,NA,NA,NA,NA,NA,NA,NA,NA,NA,NA,NA,NA,NA,NA,NA,NA,NA,NA,NA,NA,NA,NA,NA,NA,NA,NA,NA,NA,NA,NA,NA,NA,NA,NA,NA,NA,NA,NA,NA,NA,NA,NA,NA,NA,NA,NA,NA,NA,NA,NA,NA,NA,NA,NA,NA,NA,NA,NA,NA,NA,NA,NA,NA,NA,NA,NA,NA,NA,NA,NA,NA,NA,NA,NA,NA,NA,NA,NA,NA,NA,NA,NA,NA,NA,NA,NA,NA,NA,NA,NA,NA,NA,NA,NA,NA,NA,NA,NA
39,"The Wall","The Wall","The Wall","The Wall","The Wall","The Wall","The Wall","The Wall","The Wall","The Wall","The Wall","The Wall","The Wall","North of the Wall","The Wall","North of the Wall","The Wall","The Wall","The Wall","The Wall","The Wall","The Wall","The Wall","North of the Wall","The Wall","The Wall","The Wall","North of the Wall","The Wall","North of the Wall","The Wall","The Wall","The Wall","The Wall","The Wall","North of the Wall","The Wall","The Wall","North of the Wall","The Wall","North of the Wall","The Wall","The Wall","The Wall","The Wall","The Wall","The Wall","The Wall","North of the Wall","The Wall","North of the Wall","North of the Wall","North of the Wall","North of the Wall","The Wall","The Wall","North of the Wall","The Wall","North of the Wall","The Wall","North of the Wall","The Wall","The Wall","The Wall","The Wall","The Wall","The Wall","The Wall","The Wall","The Wall","The Wall","The Wall","The Wall","The Wall","The Wall",NA,NA,NA,NA,NA,NA,NA,NA,NA,NA,NA,NA,NA,NA,NA,NA,NA,NA,NA,NA,NA,NA,NA,NA,NA,NA,NA,NA,NA,NA,NA,NA,NA,NA,NA,NA,NA,NA,NA,NA,NA,NA,NA,NA,NA,NA,NA,NA,NA,NA,NA,NA,NA,NA,NA,NA,NA,NA,NA,NA,NA,NA,NA,NA,NA,NA,NA,NA,NA,NA,NA,NA,NA,NA,NA,NA,NA,NA,NA,NA,NA,NA,NA,NA,NA,NA,NA,NA,NA,NA,NA,NA,NA,NA,NA,NA,NA,NA,NA,NA,NA,NA,NA,NA,NA,NA,NA,NA,NA,NA,NA,NA,NA,NA,NA,NA,NA,NA,NA,NA,NA,NA,NA,NA,NA,NA,NA,NA,NA,NA,NA,NA,NA,NA,NA,NA,NA,NA,NA,NA,NA,NA,NA,NA,NA,NA,NA,NA,NA,NA,NA,NA,NA,NA,NA,NA,NA,NA,NA,NA,NA,NA,NA
40,"North of the Wall","The Wall","North of the Wall","North of the Wall","North of the Wall","North of the Wall","North of the Wall","North of the Wall","The Crownlands","The Crownlands","The Crownlands","The Crownlands","The Crownlands","Meereen","Meereen","Meereen","Meereen","Meereen","The Wall","The Wall","The Wall","North of the Wall","North of the Wall","North of the Wall","North of the Wall","North of the Wall","North of the Wall","North of the Wall","North of the Wall","The Vale","The Vale","The Vale","The Vale","The Vale","The Vale","The Crownlands","The Crownlands","The Crownlands","The Crownlands","The Crownlands","The Crownlands","The Crownlands","The Vale","The Vale","The Vale",NA,NA,NA,NA,NA,NA,NA,NA,NA,NA,NA,NA,NA,NA,NA,NA,NA,NA,NA,NA,NA,NA,NA,NA,NA,NA,NA,NA,NA,NA,NA,NA,NA,NA,NA,NA,NA,NA,NA,NA,NA,NA,NA,NA,NA,NA,NA,NA,NA,NA,NA,NA,NA,NA,NA,NA,NA,NA,NA,NA,NA,NA,NA,NA,NA,NA,NA,NA,NA,NA,NA,NA,NA,NA,NA,NA,NA,NA,NA,NA,NA,NA,NA,NA,NA,NA,NA,NA,NA,NA,NA,NA,NA,NA,NA,NA,NA,NA,NA,NA,NA,NA,NA,NA,NA,NA,NA,NA,NA,NA,NA,NA,NA,NA,NA,NA,NA,NA,NA,NA,NA,NA,NA,NA,NA,NA,NA,NA,NA,NA,NA,NA,NA,NA,NA,NA,NA,NA,NA,NA,NA,NA,NA,NA,NA,NA,NA,NA,NA,NA,NA,NA,NA,NA,NA,NA,NA,NA,NA,NA,NA,NA,NA,NA,NA,NA,NA,NA,NA,NA,NA,NA,NA,NA,NA,NA,NA,NA,NA,NA,NA,NA,NA,NA,NA,NA,NA,NA,NA,NA,NA,NA,NA
41,"The Westerlands","The Westerlands","The Crownlands","The Crownlands","Pentos","Pentos","Meereen","Meereen","Meereen","Meereen","The Wall","The Wall","The Wall","The Wall","The Wall","The Vale","The Vale","The Vale","The Vale","The Crownlands","The Crownlands","The Crownlands","The Crownlands","The Crownlands","The Crownlands","The Crownlands","The Crownlands","Pentos","Meereen","Meereen","Meereen","Meereen","Meereen","The Wall","The Wall","The Wall","The Wall","The Wall","The Wall","The Wall","The Wall","The Wall","The Wall",NA,NA,NA,NA,NA,NA,NA,NA,NA,NA,NA,NA,NA,NA,NA,NA,NA,NA,NA,NA,NA,NA,NA,NA,NA,NA,NA,NA,NA,NA,NA,NA,NA,NA,NA,NA,NA,NA,NA,NA,NA,NA,NA,NA,NA,NA,NA,NA,NA,NA,NA,NA,NA,NA,NA,NA,NA,NA,NA,NA,NA,NA,NA,NA,NA,NA,NA,NA,NA,NA,NA,NA,NA,NA,NA,NA,NA,NA,NA,NA,NA,NA,NA,NA,NA,NA,NA,NA,NA,NA,NA,NA,NA,NA,NA,NA,NA,NA,NA,NA,NA,NA,NA,NA,NA,NA,NA,NA,NA,NA,NA,NA,NA,NA,NA,NA,NA,NA,NA,NA,NA,NA,NA,NA,NA,NA,NA,NA,NA,NA,NA,NA,NA,NA,NA,NA,NA,NA,NA,NA,NA,NA,NA,NA,NA,NA,NA,NA,NA,NA,NA,NA,NA,NA,NA,NA,NA,NA,NA,NA,NA,NA,NA,NA,NA,NA,NA,NA,NA,NA,NA,NA,NA,NA,NA,NA,NA,NA,NA,NA,NA,NA,NA,NA,NA,NA,NA,NA,NA,NA,NA,NA,NA,NA,NA
42,"Braavos","Braavos","Braavos","Braavos","The Vale","The Vale","The Vale","The Vale","The Vale","The Crownlands","The Crownlands","The Crownlands","The Crownlands","Dorne","Dorne","Dorne","Dorne","Dorne","Meereen","Meereen","Meereen","Meereen","Meereen","Pentos","The Crownlands","The Crownlands","The Wall","The Wall","The Wall","The Wall","The Wall","The Wall","The Wall","Braavos","Braavos","Braavos","Braavos","Meereen","Meereen","Meereen","Meereen","Meereen","Meereen","Meereen","Meereen","Meereen",NA,NA,NA,NA,NA,NA,NA,NA,NA,NA,NA,NA,NA,NA,NA,NA,NA,NA,NA,NA,NA,NA,NA,NA,NA,NA,NA,NA,NA,NA,NA,NA,NA,NA,NA,NA,NA,NA,NA,NA,NA,NA,NA,NA,NA,NA,NA,NA,NA,NA,NA,NA,NA,NA,NA,NA,NA,NA,NA,NA,NA,NA,NA,NA,NA,NA,NA,NA,NA,NA,NA,NA,NA,NA,NA,NA,NA,NA,NA,NA,NA,NA,NA,NA,NA,NA,NA,NA,NA,NA,NA,NA,NA,NA,NA,NA,NA,NA,NA,NA,NA,NA,NA,NA,NA,NA,NA,NA,NA,NA,NA,NA,NA,NA,NA,NA,NA,NA,NA,NA,NA,NA,NA,NA,NA,NA,NA,NA,NA,NA,NA,NA,NA,NA,NA,NA,NA,NA,NA,NA,NA,NA,NA,NA,NA,NA,NA,NA,NA,NA,NA,NA,NA,NA,NA,NA,NA,NA,NA,NA,NA,NA,NA,NA,NA,NA,NA,NA,NA,NA,NA,NA,NA,NA,NA,NA,NA,NA,NA,NA,NA,NA,NA,NA,NA,NA,NA,NA,NA,NA,NA,NA
43,"Braavos","Braavos","Braavos","The Crownlands","The Crownlands","The Crownlands","The Crownlands","The Crownlands","The North","The North","The North","The North","The North","The Wall","The Wall","Braavos","Braavos","Braavos","Braavos","Braavos","Braavos","Braavos","The North","The North","The Wall","The Wall","The Wall","The Crownlands","The Crownlands","The Crownlands","The Crownlands","The Crownlands","The Crownlands","The Crownlands","The Crownlands","The Crownlands","The Crownlands","The North","The North","The North","The North","The North","Volantis","Volantis","Volantis","Volantis","Volantis","Volantis","Volantis","Volantis","Volantis","Volantis",NA,NA,NA,NA,NA,NA,NA,NA,NA,NA,NA,NA,NA,NA,NA,NA,NA,NA,NA,NA,NA,NA,NA,NA,NA,NA,NA,NA,NA,NA,NA,NA,NA,NA,NA,NA,NA,NA,NA,NA,NA,NA,NA,NA,NA,NA,NA,NA,NA,NA,NA,NA,NA,NA,NA,NA,NA,NA,NA,NA,NA,NA,NA,NA,NA,NA,NA,NA,NA,NA,NA,NA,NA,NA,NA,NA,NA,NA,NA,NA,NA,NA,NA,NA,NA,NA,NA,NA,NA,NA,NA,NA,NA,NA,NA,NA,NA,NA,NA,NA,NA,NA,NA,NA,NA,NA,NA,NA,NA,NA,NA,NA,NA,NA,NA,NA,NA,NA,NA,NA,NA,NA,NA,NA,NA,NA,NA,NA,NA,NA,NA,NA,NA,NA,NA,NA,NA,NA,NA,NA,NA,NA,NA,NA,NA,NA,NA,NA,NA,NA,NA,NA,NA,NA,NA,NA,NA,NA,NA,NA,NA,NA,NA,NA,NA,NA,NA,NA,NA,NA,NA,NA,NA,NA,NA,NA,NA,NA,NA,NA,NA,NA,NA,NA,NA,NA
44,"Volantis","The Stormlands","The Stormlands","The Crownlands","The Crownlands","The Crownlands","The Crownlands","The Crownlands","The Crownlands","The Crownlands","The Crownlands","The Crownlands","The Crownlands","The Crownlands","The Crownlands","The Crownlands","The Wall","The Wall","The Wall","The Wall","The Wall","The Wall","The Wall","The Wall","The North","The North","Dorne","Dorne","Dorne","Dorne","Dorne","Dorne","Dorne","Volantis","Meereen","Meereen","Meereen","Meereen","Meereen","Meereen","Meereen","Meereen","Meereen","Meereen","Meereen","Meereen","Meereen",NA,NA,NA,NA,NA,NA,NA,NA,NA,NA,NA,NA,NA,NA,NA,NA,NA,NA,NA,NA,NA,NA,NA,NA,NA,NA,NA,NA,NA,NA,NA,NA,NA,NA,NA,NA,NA,NA,NA,NA,NA,NA,NA,NA,NA,NA,NA,NA,NA,NA,NA,NA,NA,NA,NA,NA,NA,NA,NA,NA,NA,NA,NA,NA,NA,NA,NA,NA,NA,NA,NA,NA,NA,NA,NA,NA,NA,NA,NA,NA,NA,NA,NA,NA,NA,NA,NA,NA,NA,NA,NA,NA,NA,NA,NA,NA,NA,NA,NA,NA,NA,NA,NA,NA,NA,NA,NA,NA,NA,NA,NA,NA,NA,NA,NA,NA,NA,NA,NA,NA,NA,NA,NA,NA,NA,NA,NA,NA,NA,NA,NA,NA,NA,NA,NA,NA,NA,NA,NA,NA,NA,NA,NA,NA,NA,NA,NA,NA,NA,NA,NA,NA,NA,NA,NA,NA,NA,NA,NA,NA,NA,NA,NA,NA,NA,NA,NA,NA,NA,NA,NA,NA,NA,NA,NA,NA,NA,NA,NA,NA,NA,NA,NA,NA,NA,NA,NA,NA,NA,NA,NA
45,"Meereen","Meereen","Meereen","Meereen","Meereen","Meereen","The Wall","The Wall","The Wall","The Wall","The Wall","The Wall","The Wall","The North","The North","The North","The North","The North","The North","The North","The North","The North","The North","The North","The North","The North","The North","The North","The Wall","The Wall","The Wall","The Wall","The Wall","The Wall","The Wall","The Wall","Meereen","Meereen","Meereen","Valyria","Valyria","Valyria","Valyria","Valyria","Valyria","Valyria",NA,NA,NA,NA,NA,NA,NA,NA,NA,NA,NA,NA,NA,NA,NA,NA,NA,NA,NA,NA,NA,NA,NA,NA,NA,NA,NA,NA,NA,NA,NA,NA,NA,NA,NA,NA,NA,NA,NA,NA,NA,NA,NA,NA,NA,NA,NA,NA,NA,NA,NA,NA,NA,NA,NA,NA,NA,NA,NA,NA,NA,NA,NA,NA,NA,NA,NA,NA,NA,NA,NA,NA,NA,NA,NA,NA,NA,NA,NA,NA,NA,NA,NA,NA,NA,NA,NA,NA,NA,NA,NA,NA,NA,NA,NA,NA,NA,NA,NA,NA,NA,NA,NA,NA,NA,NA,NA,NA,NA,NA,NA,NA,NA,NA,NA,NA,NA,NA,NA,NA,NA,NA,NA,NA,NA,NA,NA,NA,NA,NA,NA,NA,NA,NA,NA,NA,NA,NA,NA,NA,NA,NA,NA,NA,NA,NA,NA,NA,NA,NA,NA,NA,NA,NA,NA,NA,NA,NA,NA,NA,NA,NA,NA,NA,NA,NA,NA,NA,NA,NA,NA,NA,NA,NA,NA,NA,NA,NA,NA,NA,NA,NA,NA,NA,NA,NA,NA,NA,NA,NA,NA,NA
46,"Braavos","Braavos","Braavos","Valyria","Braavos","Braavos","Braavos","Braavos","Braavos","Valyria","Valyria","Valyria","The Crownlands","The Crownlands","Dorne","Dorne","Dorne","Dorne","Dorne","Dorne","Dorne","Dorne","Dorne","Dorne","Dorne","The Crownlands","The Crownlands","The Crownlands","The Crownlands","The Crownlands","The North","The North","The North","The North","The North","The North","The North",NA,NA,NA,NA,NA,NA,NA,NA,NA,NA,NA,NA,NA,NA,NA,NA,NA,NA,NA,NA,NA,NA,NA,NA,NA,NA,NA,NA,NA,NA,NA,NA,NA,NA,NA,NA,NA,NA,NA,NA,NA,NA,NA,NA,NA,NA,NA,NA,NA,NA,NA,NA,NA,NA,NA,NA,NA,NA,NA,NA,NA,NA,NA,NA,NA,NA,NA,NA,NA,NA,NA,NA,NA,NA,NA,NA,NA,NA,NA,NA,NA,NA,NA,NA,NA,NA,NA,NA,NA,NA,NA,NA,NA,NA,NA,NA,NA,NA,NA,NA,NA,NA,NA,NA,NA,NA,NA,NA,NA,NA,NA,NA,NA,NA,NA,NA,NA,NA,NA,NA,NA,NA,NA,NA,NA,NA,NA,NA,NA,NA,NA,NA,NA,NA,NA,NA,NA,NA,NA,NA,NA,NA,NA,NA,NA,NA,NA,NA,NA,NA,NA,NA,NA,NA,NA,NA,NA,NA,NA,NA,NA,NA,NA,NA,NA,NA,NA,NA,NA,NA,NA,NA,NA,NA,NA,NA,NA,NA,NA,NA,NA,NA,NA,NA,NA,NA,NA,NA,NA,NA,NA,NA,NA,NA,NA,NA,NA,NA,NA,NA,NA
47,"The Wall","The Wall","The Wall","The Wall","The North","The North","The North","The North","The North","The Wall","The Wall","The North","The North","The North","The North","The North","The Wall","The Wall","The Wall","The Wall","The Wall","Meereen","Meereen","Meereen","The Crownlands","The Crownlands","The Crownlands","Dorne","Dorne","Dorne","The Crownlands","The Crownlands","Meereen","Meereen","Meereen","Meereen","Meereen","Meereen","Meereen","The Crownlands","The Crownlands","The Crownlands","The Crownlands","The Crownlands","The Crownlands",NA,NA,NA,NA,NA,NA,NA,NA,NA,NA,NA,NA,NA,NA,NA,NA,NA,NA,NA,NA,NA,NA,NA,NA,NA,NA,NA,NA,NA,NA,NA,NA,NA,NA,NA,NA,NA,NA,NA,NA,NA,NA,NA,NA,NA,NA,NA,NA,NA,NA,NA,NA,NA,NA,NA,NA,NA,NA,NA,NA,NA,NA,NA,NA,NA,NA,NA,NA,NA,NA,NA,NA,NA,NA,NA,NA,NA,NA,NA,NA,NA,NA,NA,NA,NA,NA,NA,NA,NA,NA,NA,NA,NA,NA,NA,NA,NA,NA,NA,NA,NA,NA,NA,NA,NA,NA,NA,NA,NA,NA,NA,NA,NA,NA,NA,NA,NA,NA,NA,NA,NA,NA,NA,NA,NA,NA,NA,NA,NA,NA,NA,NA,NA,NA,NA,NA,NA,NA,NA,NA,NA,NA,NA,NA,NA,NA,NA,NA,NA,NA,NA,NA,NA,NA,NA,NA,NA,NA,NA,NA,NA,NA,NA,NA,NA,NA,NA,NA,NA,NA,NA,NA,NA,NA,NA,NA,NA,NA,NA,NA,NA,NA,NA,NA,NA,NA,NA,NA,NA,NA,NA,NA,NA
48,"Meereen","Meereen","The Crownlands","Braavos","Braavos","Braavos","Braavos","Braavos","Braavos","The Crownlands","The Crownlands","The North","The North","Meereen","Meereen","Meereen","The Crownlands","The Crownlands","The Wall","The Wall","The Wall","North of the Wall","North of the Wall","North of the Wall","North of the Wall","North of the Wall","North of the Wall","North of the Wall","North of the Wall","North of the Wall","North of the Wall","North of the Wall","North of the Wall","North of the Wall","North of the Wall","North of the Wall","North of the Wall","North of the Wall","North of the Wall","North of the Wall","North of the Wall","North of the Wall","North of the Wall","North of the Wall","North of the Wall","North of the Wall","North of the Wall","North of the Wall","North of the Wall","North of the Wall","North of the Wall","North of the Wall",NA,NA,NA,NA,NA,NA,NA,NA,NA,NA,NA,NA,NA,NA,NA,NA,NA,NA,NA,NA,NA,NA,NA,NA,NA,NA,NA,NA,NA,NA,NA,NA,NA,NA,NA,NA,NA,NA,NA,NA,NA,NA,NA,NA,NA,NA,NA,NA,NA,NA,NA,NA,NA,NA,NA,NA,NA,NA,NA,NA,NA,NA,NA,NA,NA,NA,NA,NA,NA,NA,NA,NA,NA,NA,NA,NA,NA,NA,NA,NA,NA,NA,NA,NA,NA,NA,NA,NA,NA,NA,NA,NA,NA,NA,NA,NA,NA,NA,NA,NA,NA,NA,NA,NA,NA,NA,NA,NA,NA,NA,NA,NA,NA,NA,NA,NA,NA,NA,NA,NA,NA,NA,NA,NA,NA,NA,NA,NA,NA,NA,NA,NA,NA,NA,NA,NA,NA,NA,NA,NA,NA,NA,NA,NA,NA,NA,NA,NA,NA,NA,NA,NA,NA,NA,NA,NA,NA,NA,NA,NA,NA,NA,NA,NA,NA,NA,NA,NA,NA,NA,NA,NA,NA,NA,NA,NA,NA,NA,NA,NA,NA,NA,NA,NA,NA,NA
49,"The North","The North","The North","The North","North of the Wall","The Wall","North of the Wall","The Wall","North of the Wall","The Wall","North of the Wall","The Wall","The Wall","The Wall","The Wall","The North","The North","The North","Dorne","Dorne","Dorne","Dorne","Dorne","Braavos","Braavos","Braavos","Braavos","Braavos","Braavos","Braavos","Braavos","Braavos","Braavos","Dorne","Dorne","The North","The North","Meereen","Meereen","Meereen","Meereen","Meereen","Meereen","Meereen","Meereen","Meereen","Meereen","Meereen","Meereen",NA,NA,NA,NA,NA,NA,NA,NA,NA,NA,NA,NA,NA,NA,NA,NA,NA,NA,NA,NA,NA,NA,NA,NA,NA,NA,NA,NA,NA,NA,NA,NA,NA,NA,NA,NA,NA,NA,NA,NA,NA,NA,NA,NA,NA,NA,NA,NA,NA,NA,NA,NA,NA,NA,NA,NA,NA,NA,NA,NA,NA,NA,NA,NA,NA,NA,NA,NA,NA,NA,NA,NA,NA,NA,NA,NA,NA,NA,NA,NA,NA,NA,NA,NA,NA,NA,NA,NA,NA,NA,NA,NA,NA,NA,NA,NA,NA,NA,NA,NA,NA,NA,NA,NA,NA,NA,NA,NA,NA,NA,NA,NA,NA,NA,NA,NA,NA,NA,NA,NA,NA,NA,NA,NA,NA,NA,NA,NA,NA,NA,NA,NA,NA,NA,NA,NA,NA,NA,NA,NA,NA,NA,NA,NA,NA,NA,NA,NA,NA,NA,NA,NA,NA,NA,NA,NA,NA,NA,NA,NA,NA,NA,NA,NA,NA,NA,NA,NA,NA,NA,NA,NA,NA,NA,NA,NA,NA,NA,NA,NA,NA,NA,NA,NA,NA,NA,NA,NA,NA
50,"The North","The North","The North","The North","The North","The Wall","The Wall","The North","The North","The North","The North","The North","The North","The North","The North","The North","The North","The North","The North","The North","The North","The North","The North","The North","The North","The North","The North","Braavos","Braavos","Braavos","Braavos","Braavos","Braavos","Dorne","Dorne","Dorne","Meereen","Meereen","Meereen","Meereen","The Dothraki Sea","The Dothraki Sea","The Crownlands","The Crownlands","The Crownlands","The Crownlands","The Crownlands","The Crownlands","The Crownlands","The Crownlands","The Crownlands","The Wall","The Wall","The Wall","The Wall","The Wall","The Wall","The Wall",NA,NA,NA,NA,NA,NA,NA,NA,NA,NA,NA,NA,NA,NA,NA,NA,NA,NA,NA,NA,NA,NA,NA,NA,NA,NA,NA,NA,NA,NA,NA,NA,NA,NA,NA,NA,NA,NA,NA,NA,NA,NA,NA,NA,NA,NA,NA,NA,NA,NA,NA,NA,NA,NA,NA,NA,NA,NA,NA,NA,NA,NA,NA,NA,NA,NA,NA,NA,NA,NA,NA,NA,NA,NA,NA,NA,NA,NA,NA,NA,NA,NA,NA,NA,NA,NA,NA,NA,NA,NA,NA,NA,NA,NA,NA,NA,NA,NA,NA,NA,NA,NA,NA,NA,NA,NA,NA,NA,NA,NA,NA,NA,NA,NA,NA,NA,NA,NA,NA,NA,NA,NA,NA,NA,NA,NA,NA,NA,NA,NA,NA,NA,NA,NA,NA,NA,NA,NA,NA,NA,NA,NA,NA,NA,NA,NA,NA,NA,NA,NA,NA,NA,NA,NA,NA,NA,NA,NA,NA,NA,NA,NA,NA,NA,NA,NA,NA,NA,NA,NA,NA,NA,NA,NA,NA,NA,NA,NA,NA,NA
51,"The Wall","The Wall","The Wall","The Wall","The Wall","The Wall","The Wall","The Wall","The North","The North","The North","The North","The North","The North","The Crownlands","The Crownlands","The Crownlands","The Crownlands","The Crownlands","The Crownlands","The Crownlands","Dorne","Dorne","Dorne","The Crownlands","Meereen","Meereen","Meereen","Meereen","Meereen","The Dothraki Sea","The Dothraki Sea","The Dothraki Sea","The Dothraki Sea","Braavos","Braavos","The Wall","The Wall","The Wall",NA,NA,NA,NA,NA,NA,NA,NA,NA,NA,NA,NA,NA,NA,NA,NA,NA,NA,NA,NA,NA,NA,NA,NA,NA,NA,NA,NA,NA,NA,NA,NA,NA,NA,NA,NA,NA,NA,NA,NA,NA,NA,NA,NA,NA,NA,NA,NA,NA,NA,NA,NA,NA,NA,NA,NA,NA,NA,NA,NA,NA,NA,NA,NA,NA,NA,NA,NA,NA,NA,NA,NA,NA,NA,NA,NA,NA,NA,NA,NA,NA,NA,NA,NA,NA,NA,NA,NA,NA,NA,NA,NA,NA,NA,NA,NA,NA,NA,NA,NA,NA,NA,NA,NA,NA,NA,NA,NA,NA,NA,NA,NA,NA,NA,NA,NA,NA,NA,NA,NA,NA,NA,NA,NA,NA,NA,NA,NA,NA,NA,NA,NA,NA,NA,NA,NA,NA,NA,NA,NA,NA,NA,NA,NA,NA,NA,NA,NA,NA,NA,NA,NA,NA,NA,NA,NA,NA,NA,NA,NA,NA,NA,NA,NA,NA,NA,NA,NA,NA,NA,NA,NA,NA,NA,NA,NA,NA,NA,NA,NA,NA,NA,NA,NA,NA,NA,NA,NA,NA,NA,NA,NA,NA,NA,NA,NA,NA,NA,NA
52,"North of the Wall","The North","The North","The North","The North","North of the Wall","North of the Wall","North of the Wall","North of the Wall","The Wall","The Wall","The Wall","The Wall","The Wall","The Crownlands","The Crownlands","The Crownlands","The Crownlands","The Crownlands","The Crownlands","The Crownlands","The Crownlands","The Crownlands","Meereen","Meereen","Meereen","Meereen","Braavos","Braavos","Braavos","The North","The North","The North","The North","The North","The North","The Iron Islands","The Iron Islands","The Iron Islands","The Wall","The Wall","The Wall","The Wall","The Wall",NA,NA,NA,NA,NA,NA,NA,NA,NA,NA,NA,NA,NA,NA,NA,NA,NA,NA,NA,NA,NA,NA,NA,NA,NA,NA,NA,NA,NA,NA,NA,NA,NA,NA,NA,NA,NA,NA,NA,NA,NA,NA,NA,NA,NA,NA,NA,NA,NA,NA,NA,NA,NA,NA,NA,NA,NA,NA,NA,NA,NA,NA,NA,NA,NA,NA,NA,NA,NA,NA,NA,NA,NA,NA,NA,NA,NA,NA,NA,NA,NA,NA,NA,NA,NA,NA,NA,NA,NA,NA,NA,NA,NA,NA,NA,NA,NA,NA,NA,NA,NA,NA,NA,NA,NA,NA,NA,NA,NA,NA,NA,NA,NA,NA,NA,NA,NA,NA,NA,NA,NA,NA,NA,NA,NA,NA,NA,NA,NA,NA,NA,NA,NA,NA,NA,NA,NA,NA,NA,NA,NA,NA,NA,NA,NA,NA,NA,NA,NA,NA,NA,NA,NA,NA,NA,NA,NA,NA,NA,NA,NA,NA,NA,NA,NA,NA,NA,NA,NA,NA,NA,NA,NA,NA,NA,NA,NA,NA,NA,NA,NA,NA,NA,NA,NA,NA,NA,NA,NA,NA,NA,NA,NA,NA
53,"The Wall","The Wall","The Wall","The Wall","The Reach","Dorne","Dorne","Dorne","North of the Wall","Vaes Dothrak","Vaes Dothrak","Vaes Dothrak","Vaes Dothrak","Meereen","Meereen","Meereen","The Crownlands","The Crownlands","The Crownlands","The Crownlands","The Crownlands","The Crownlands","The Crownlands","Braavos","Braavos","Braavos","Braavos","Braavos","The North","The North","The North","The North","The Wall","The Wall","The Wall","The Wall","The Wall",NA,NA,NA,NA,NA,NA,NA,NA,NA,NA,NA,NA,NA,NA,NA,NA,NA,NA,NA,NA,NA,NA,NA,NA,NA,NA,NA,NA,NA,NA,NA,NA,NA,NA,NA,NA,NA,NA,NA,NA,NA,NA,NA,NA,NA,NA,NA,NA,NA,NA,NA,NA,NA,NA,NA,NA,NA,NA,NA,NA,NA,NA,NA,NA,NA,NA,NA,NA,NA,NA,NA,NA,NA,NA,NA,NA,NA,NA,NA,NA,NA,NA,NA,NA,NA,NA,NA,NA,NA,NA,NA,NA,NA,NA,NA,NA,NA,NA,NA,NA,NA,NA,NA,NA,NA,NA,NA,NA,NA,NA,NA,NA,NA,NA,NA,NA,NA,NA,NA,NA,NA,NA,NA,NA,NA,NA,NA,NA,NA,NA,NA,NA,NA,NA,NA,NA,NA,NA,NA,NA,NA,NA,NA,NA,NA,NA,NA,NA,NA,NA,NA,NA,NA,NA,NA,NA,NA,NA,NA,NA,NA,NA,NA,NA,NA,NA,NA,NA,NA,NA,NA,NA,NA,NA,NA,NA,NA,NA,NA,NA,NA,NA,NA,NA,NA,NA,NA,NA,NA,NA,NA,NA,NA,NA,NA,NA,NA,NA,NA,NA,NA
54,"The Wall","The Wall","The Wall","The Wall","The Wall","The Wall","The Vale","The Vale","The Vale","The Vale","Meereen","Meereen","Meereen","Meereen","Vaes Dothrak","Vaes Dothrak","Vaes Dothrak","Vaes Dothrak","Vaes Dothrak","The Crownlands","The Crownlands","The Crownlands","The Crownlands","The Crownlands","The Crownlands","The Crownlands","The Iron Islands","The Iron Islands","The North","The Wall","The Wall","The Wall","Vaes Dothrak","Vaes Dothrak","Vaes Dothrak","Vaes Dothrak","Vaes Dothrak","Vaes Dothrak","Vaes Dothrak","Vaes Dothrak","Vaes Dothrak","Vaes Dothrak","Vaes Dothrak","Vaes Dothrak",NA,NA,NA,NA,NA,NA,NA,NA,NA,NA,NA,NA,NA,NA,NA,NA,NA,NA,NA,NA,NA,NA,NA,NA,NA,NA,NA,NA,NA,NA,NA,NA,NA,NA,NA,NA,NA,NA,NA,NA,NA,NA,NA,NA,NA,NA,NA,NA,NA,NA,NA,NA,NA,NA,NA,NA,NA,NA,NA,NA,NA,NA,NA,NA,NA,NA,NA,NA,NA,NA,NA,NA,NA,NA,NA,NA,NA,NA,NA,NA,NA,NA,NA,NA,NA,NA,NA,NA,NA,NA,NA,NA,NA,NA,NA,NA,NA,NA,NA,NA,NA,NA,NA,NA,NA,NA,NA,NA,NA,NA,NA,NA,NA,NA,NA,NA,NA,NA,NA,NA,NA,NA,NA,NA,NA,NA,NA,NA,NA,NA,NA,NA,NA,NA,NA,NA,NA,NA,NA,NA,NA,NA,NA,NA,NA,NA,NA,NA,NA,NA,NA,NA,NA,NA,NA,NA,NA,NA,NA,NA,NA,NA,NA,NA,NA,NA,NA,NA,NA,NA,NA,NA,NA,NA,NA,NA,NA,NA,NA,NA,NA,NA,NA,NA,NA,NA,NA,NA,NA,NA,NA,NA,NA,NA
55,"The Wall","The Wall","Braavos","Braavos","Braavos","Braavos","Braavos","Braavos","North of the Wall","North of the Wall","North of the Wall","North of the Wall","North of the Wall","North of the Wall","North of the Wall","North of the Wall","North of the Wall","North of the Wall","North of the Wall","The Iron Islands","The Iron Islands","The Iron Islands","The Iron Islands","The Iron Islands","The Iron Islands","The Iron Islands","The Iron Islands","The Iron Islands","The Iron Islands","The Iron Islands","The Iron Islands","Vaes Dothrak","Vaes Dothrak","Meereen","Meereen","North of the Wall","North of the Wall","North of the Wall","North of the Wall","The Wall","The Wall","The Wall","The Wall","The Wall","The Wall","North of the Wall","North of the Wall","North of the Wall","North of the Wall","The North","North of the Wall","North of the Wall","North of the Wall","The North","North of the Wall","The North","North of the Wall","The North","North of the Wall","North of the Wall","North of the Wall","North of the Wall","The North","North of the Wall","The North","North of the Wall","The North","North of the Wall","North of the Wall","North of the Wall","The North","North of the Wall","The North","North of the Wall","The North","North of the Wall","The North","North of the Wall","The North","North of the Wall","The North","North of the Wall","The North","North of the Wall","The North",NA,NA,NA,NA,NA,NA,NA,NA,NA,NA,NA,NA,NA,NA,NA,NA,NA,NA,NA,NA,NA,NA,NA,NA,NA,NA,NA,NA,NA,NA,NA,NA,NA,NA,NA,NA,NA,NA,NA,NA,NA,NA,NA,NA,NA,NA,NA,NA,NA,NA,NA,NA,NA,NA,NA,NA,NA,NA,NA,NA,NA,NA,NA,NA,NA,NA,NA,NA,NA,NA,NA,NA,NA,NA,NA,NA,NA,NA,NA,NA,NA,NA,NA,NA,NA,NA,NA,NA,NA,NA,NA,NA,NA,NA,NA,NA,NA,NA,NA,NA,NA,NA,NA,NA,NA,NA,NA,NA,NA,NA,NA,NA,NA,NA,NA,NA,NA,NA,NA,NA,NA,NA,NA,NA,NA,NA,NA,NA,NA,NA,NA,NA,NA,NA,NA,NA,NA,NA,NA,NA,NA,NA,NA,NA,NA,NA,NA,NA,NA,NA,NA,NA,NA
56,"North of the Wall","North of the Wall","North of the Wall","North of the Wall","North of the Wall","North of the Wall","North of the Wall","North of the Wall","North of the Wall","North of the Wall","The Reach","The Reach","The Reach","The Crownlands","The Crownlands","The Crownlands","The Reach","The Reach","The Reach","The Reach","The Reach","The Reach","Braavos","Braavos","Braavos","Braavos","Braavos","Braavos","Braavos","Braavos","Braavos","Braavos","Braavos","Braavos","Braavos","Braavos","Braavos","Braavos","Braavos","Braavos","Braavos","Braavos","The Crownlands","The Crownlands","The Crownlands","The Crownlands","The Crownlands","The Crownlands","The Crownlands","The Riverlands","The Riverlands","The Crownlands","North of the Wall","The Dothraki Sea","The Dothraki Sea","The Dothraki Sea",NA,NA,NA,NA,NA,NA,NA,NA,NA,NA,NA,NA,NA,NA,NA,NA,NA,NA,NA,NA,NA,NA,NA,NA,NA,NA,NA,NA,NA,NA,NA,NA,NA,NA,NA,NA,NA,NA,NA,NA,NA,NA,NA,NA,NA,NA,NA,NA,NA,NA,NA,NA,NA,NA,NA,NA,NA,NA,NA,NA,NA,NA,NA,NA,NA,NA,NA,NA,NA,NA,NA,NA,NA,NA,NA,NA,NA,NA,NA,NA,NA,NA,NA,NA,NA,NA,NA,NA,NA,NA,NA,NA,NA,NA,NA,NA,NA,NA,NA,NA,NA,NA,NA,NA,NA,NA,NA,NA,NA,NA,NA,NA,NA,NA,NA,NA,NA,NA,NA,NA,NA,NA,NA,NA,NA,NA,NA,NA,NA,NA,NA,NA,NA,NA,NA,NA,NA,NA,NA,NA,NA,NA,NA,NA,NA,NA,NA,NA,NA,NA,NA,NA,NA,NA,NA,NA,NA,NA,NA,NA,NA,NA,NA,NA,NA,NA,NA,NA,NA,NA,NA,NA,NA,NA,NA,NA,NA,NA,NA,NA,NA,NA
57,"The Riverlands","The Riverlands","The Riverlands","The Riverlands","The Riverlands","The Crownlands","The Crownlands","The Crownlands","The North","The North","The North","The Crownlands","The Riverlands","The Riverlands","The Riverlands","The Riverlands","The Riverlands","The Riverlands","The Riverlands","The North","The Riverlands","The Riverlands","The North","Volantis","Volantis","The North","The North","The North","The North","The Riverlands","The Riverlands","The Riverlands","Braavos","Braavos","Braavos","Braavos","Braavos","The Riverlands","The Riverlands","The Riverlands","The Riverlands",NA,NA,NA,NA,NA,NA,NA,NA,NA,NA,NA,NA,NA,NA,NA,NA,NA,NA,NA,NA,NA,NA,NA,NA,NA,NA,NA,NA,NA,NA,NA,NA,NA,NA,NA,NA,NA,NA,NA,NA,NA,NA,NA,NA,NA,NA,NA,NA,NA,NA,NA,NA,NA,NA,NA,NA,NA,NA,NA,NA,NA,NA,NA,NA,NA,NA,NA,NA,NA,NA,NA,NA,NA,NA,NA,NA,NA,NA,NA,NA,NA,NA,NA,NA,NA,NA,NA,NA,NA,NA,NA,NA,NA,NA,NA,NA,NA,NA,NA,NA,NA,NA,NA,NA,NA,NA,NA,NA,NA,NA,NA,NA,NA,NA,NA,NA,NA,NA,NA,NA,NA,NA,NA,NA,NA,NA,NA,NA,NA,NA,NA,NA,NA,NA,NA,NA,NA,NA,NA,NA,NA,NA,NA,NA,NA,NA,NA,NA,NA,NA,NA,NA,NA,NA,NA,NA,NA,NA,NA,NA,NA,NA,NA,NA,NA,NA,NA,NA,NA,NA,NA,NA,NA,NA,NA,NA,NA,NA,NA,NA,NA,NA,NA,NA,NA,NA,NA,NA,NA,NA,NA,NA,NA,NA,NA,NA,NA
58,"Braavos","Braavos","Braavos","The Riverlands","The Riverlands","The Riverlands","The Riverlands","Meereen","Meereen","The Crownlands","The Crownlands","The Riverlands","The Riverlands","The Riverlands","The Riverlands","The Riverlands","The Crownlands","The Crownlands","The Crownlands","The Crownlands","The Crownlands","Meereen","Meereen","The Riverlands","The Riverlands","The Riverlands","The Riverlands","The Riverlands","The Riverlands","The Riverlands","The Riverlands","The Riverlands","The Riverlands","The Riverlands","The Riverlands","The Riverlands","The Riverlands","Meereen","Meereen","The Riverlands","The Riverlands","Braavos","Braavos","Braavos","Braavos","Braavos","Braavos",NA,NA,NA,NA,NA,NA,NA,NA,NA,NA,NA,NA,NA,NA,NA,NA,NA,NA,NA,NA,NA,NA,NA,NA,NA,NA,NA,NA,NA,NA,NA,NA,NA,NA,NA,NA,NA,NA,NA,NA,NA,NA,NA,NA,NA,NA,NA,NA,NA,NA,NA,NA,NA,NA,NA,NA,NA,NA,NA,NA,NA,NA,NA,NA,NA,NA,NA,NA,NA,NA,NA,NA,NA,NA,NA,NA,NA,NA,NA,NA,NA,NA,NA,NA,NA,NA,NA,NA,NA,NA,NA,NA,NA,NA,NA,NA,NA,NA,NA,NA,NA,NA,NA,NA,NA,NA,NA,NA,NA,NA,NA,NA,NA,NA,NA,NA,NA,NA,NA,NA,NA,NA,NA,NA,NA,NA,NA,NA,NA,NA,NA,NA,NA,NA,NA,NA,NA,NA,NA,NA,NA,NA,NA,NA,NA,NA,NA,NA,NA,NA,NA,NA,NA,NA,NA,NA,NA,NA,NA,NA,NA,NA,NA,NA,NA,NA,NA,NA,NA,NA,NA,NA,NA,NA,NA,NA,NA,NA,NA,NA,NA,NA,NA,NA,NA,NA,NA,NA,NA,NA,NA
59,"Meereen","Meereen","Meereen","Meereen","Meereen","Meereen","Meereen","Meereen","Meereen","Meereen","Meereen","The North","The North","The North","The North","The North","The North","The North","The North","The North","The North","Meereen","The North","The North","The North","The North","The North","The North","The North","The North","The North","The North","The North","The North","The North","The North","The North","The North","The North","The North","The North","The North","The North","The North","The North","The North","The North","The North","The North","The North","The North","The North","The North","The North","The North","The North","The North","The North",NA,NA,NA,NA,NA,NA,NA,NA,NA,NA,NA,NA,NA,NA,NA,NA,NA,NA,NA,NA,NA,NA,NA,NA,NA,NA,NA,NA,NA,NA,NA,NA,NA,NA,NA,NA,NA,NA,NA,NA,NA,NA,NA,NA,NA,NA,NA,NA,NA,NA,NA,NA,NA,NA,NA,NA,NA,NA,NA,NA,NA,NA,NA,NA,NA,NA,NA,NA,NA,NA,NA,NA,NA,NA,NA,NA,NA,NA,NA,NA,NA,NA,NA,NA,NA,NA,NA,NA,NA,NA,NA,NA,NA,NA,NA,NA,NA,NA,NA,NA,NA,NA,NA,NA,NA,NA,NA,NA,NA,NA,NA,NA,NA,NA,NA,NA,NA,NA,NA,NA,NA,NA,NA,NA,NA,NA,NA,NA,NA,NA,NA,NA,NA,NA,NA,NA,NA,NA,NA,NA,NA,NA,NA,NA,NA,NA,NA,NA,NA,NA,NA,NA,NA,NA,NA,NA,NA,NA,NA,NA,NA,NA,NA,NA,NA,NA,NA,NA,NA,NA,NA,NA,NA,NA,NA,NA,NA,NA,NA,NA
60,"The Crownlands","The Crownlands","The Crownlands","The Crownlands","The Crownlands","The Crownlands","The Crownlands","The Crownlands","The Crownlands","The Crownlands","The Crownlands","The Crownlands","The Crownlands","The Crownlands","The Crownlands","The Crownlands","The Crownlands","The Crownlands","The Crownlands","The Crownlands","The Crownlands","The Crownlands","The Crownlands","The Crownlands","The Crownlands","The Crownlands","The Crownlands","The Crownlands","The Crownlands","The Crownlands","The Crownlands","The Crownlands","The Crownlands","The Crownlands","The Crownlands","The Crownlands","The Crownlands","The Crownlands","The Crownlands","The Crownlands","The Crownlands","The Crownlands","The Crownlands","The Crownlands","The Crownlands","The Crownlands","The Crownlands","The Crownlands","The Crownlands","The Crownlands","The Crownlands","The Crownlands","The Crownlands","The Riverlands","The Riverlands","The Riverlands","The Riverlands","The Crownlands","The Reach","The Reach","The Reach","The Reach","The North","The North","The North","The North","Dorne","Dorne","Meereen","Meereen","The Riverlands","The Riverlands","The North","North of the Wall","North of the Wall","Dorne","Dorne","Dorne","The North","The North","The Crownlands","The Crownlands","The Summer Sea","The Summer Sea","The Summer Sea",NA,NA,NA,NA,NA,NA,NA,NA,NA,NA,NA,NA,NA,NA,NA,NA,NA,NA,NA,NA,NA,NA,NA,NA,NA,NA,NA,NA,NA,NA,NA,NA,NA,NA,NA,NA,NA,NA,NA,NA,NA,NA,NA,NA,NA,NA,NA,NA,NA,NA,NA,NA,NA,NA,NA,NA,NA,NA,NA,NA,NA,NA,NA,NA,NA,NA,NA,NA,NA,NA,NA,NA,NA,NA,NA,NA,NA,NA,NA,NA,NA,NA,NA,NA,NA,NA,NA,NA,NA,NA,NA,NA,NA,NA,NA,NA,NA,NA,NA,NA,NA,NA,NA,NA,NA,NA,NA,NA,NA,NA,NA,NA,NA,NA,NA,NA,NA,NA,NA,NA,NA,NA,NA,NA,NA,NA,NA,NA,NA,NA,NA,NA,NA,NA,NA,NA,NA,NA,NA,NA,NA,NA,NA,NA,NA,NA,NA,NA,NA,NA,NA,NA,NA
61,"The Riverlands","The Riverlands","The Riverlands","North of the Wall","North of the Wall","North of the Wall","North of the Wall","The North","The North","The North","The North","The North","The Crownlands","The Crownlands","The Crownlands","The Crownlands","The Reach","The Reach","The Reach","The North","The North","The North","The North","The North","The Riverlands","The Riverlands","The Riverlands","The Riverlands","The Riverlands","The Riverlands","The Reach","The Reach","The Crownlands","The Crownlands","The Crownlands","The Crownlands","The Crownlands",NA,NA,NA,NA,NA,NA,NA,NA,NA,NA,NA,NA,NA,NA,NA,NA,NA,NA,NA,NA,NA,NA,NA,NA,NA,NA,NA,NA,NA,NA,NA,NA,NA,NA,NA,NA,NA,NA,NA,NA,NA,NA,NA,NA,NA,NA,NA,NA,NA,NA,NA,NA,NA,NA,NA,NA,NA,NA,NA,NA,NA,NA,NA,NA,NA,NA,NA,NA,NA,NA,NA,NA,NA,NA,NA,NA,NA,NA,NA,NA,NA,NA,NA,NA,NA,NA,NA,NA,NA,NA,NA,NA,NA,NA,NA,NA,NA,NA,NA,NA,NA,NA,NA,NA,NA,NA,NA,NA,NA,NA,NA,NA,NA,NA,NA,NA,NA,NA,NA,NA,NA,NA,NA,NA,NA,NA,NA,NA,NA,NA,NA,NA,NA,NA,NA,NA,NA,NA,NA,NA,NA,NA,NA,NA,NA,NA,NA,NA,NA,NA,NA,NA,NA,NA,NA,NA,NA,NA,NA,NA,NA,NA,NA,NA,NA,NA,NA,NA,NA,NA,NA,NA,NA,NA,NA,NA,NA,NA,NA,NA,NA,NA,NA,NA,NA,NA,NA,NA,NA,NA,NA,NA,NA,NA,NA,NA,NA,NA,NA,NA,NA
62,"The Crownlands","The Crownlands","The North","The North","The Crownlands","The Crownlands","The Crownlands","The Crownlands","The Reach","The Reach","The Crownlands","The Crownlands","The Crownlands","The Crownlands","The Crownlands","The Reach","The Reach","The Reach","The Riverlands","The Riverlands","The Riverlands","The North","The North","The North","The North","The North","The North","The North","The North","The North","The Riverlands","The Riverlands","The Riverlands","The Narrow Sea","The Narrow Sea","The Narrow Sea","The Narrow Sea","The Narrow Sea","The Narrow Sea","The Narrow Sea","The Narrow Sea","The Narrow Sea","The Narrow Sea","The Narrow Sea","The Narrow Sea","The Narrow Sea","The Narrow Sea","The Narrow Sea","The Narrow Sea","The Narrow Sea","The Narrow Sea","The Narrow Sea","The Narrow Sea","The Narrow Sea",NA,NA,NA,NA,NA,NA,NA,NA,NA,NA,NA,NA,NA,NA,NA,NA,NA,NA,NA,NA,NA,NA,NA,NA,NA,NA,NA,NA,NA,NA,NA,NA,NA,NA,NA,NA,NA,NA,NA,NA,NA,NA,NA,NA,NA,NA,NA,NA,NA,NA,NA,NA,NA,NA,NA,NA,NA,NA,NA,NA,NA,NA,NA,NA,NA,NA,NA,NA,NA,NA,NA,NA,NA,NA,NA,NA,NA,NA,NA,NA,NA,NA,NA,NA,NA,NA,NA,NA,NA,NA,NA,NA,NA,NA,NA,NA,NA,NA,NA,NA,NA,NA,NA,NA,NA,NA,NA,NA,NA,NA,NA,NA,NA,NA,NA,NA,NA,NA,NA,NA,NA,NA,NA,NA,NA,NA,NA,NA,NA,NA,NA,NA,NA,NA,NA,NA,NA,NA,NA,NA,NA,NA,NA,NA,NA,NA,NA,NA,NA,NA,NA,NA,NA,NA,NA,NA,NA,NA,NA,NA,NA,NA,NA,NA,NA,NA,NA,NA,NA,NA,NA,NA,NA,NA,NA,NA,NA,NA,NA,NA,NA,NA,NA,NA
63,"The Crownlands","The Crownlands","The Crownlands","The Crownlands","The Crownlands","The Crownlands","The Crownlands","The Crownlands","The Crownlands","The Narrow Sea","The Crownlands","The Crownlands","The Crownlands","The Crownlands","The Crownlands","The Crownlands","The Crownlands","The Crownlands","The Crownlands","The Crownlands","The Crownlands","The Crownlands","The Crownlands","The Crownlands","The North","The North","The North","The North","The North","The North","The Reach","The Reach","The Reach","The Crownlands","The Westerlands","The Crownlands","The Westerlands","The Westerlands","The Westerlands","The Reach","The Reach","The Reach","The Reach","The Reach",NA,NA,NA,NA,NA,NA,NA,NA,NA,NA,NA,NA,NA,NA,NA,NA,NA,NA,NA,NA,NA,NA,NA,NA,NA,NA,NA,NA,NA,NA,NA,NA,NA,NA,NA,NA,NA,NA,NA,NA,NA,NA,NA,NA,NA,NA,NA,NA,NA,NA,NA,NA,NA,NA,NA,NA,NA,NA,NA,NA,NA,NA,NA,NA,NA,NA,NA,NA,NA,NA,NA,NA,NA,NA,NA,NA,NA,NA,NA,NA,NA,NA,NA,NA,NA,NA,NA,NA,NA,NA,NA,NA,NA,NA,NA,NA,NA,NA,NA,NA,NA,NA,NA,NA,NA,NA,NA,NA,NA,NA,NA,NA,NA,NA,NA,NA,NA,NA,NA,NA,NA,NA,NA,NA,NA,NA,NA,NA,NA,NA,NA,NA,NA,NA,NA,NA,NA,NA,NA,NA,NA,NA,NA,NA,NA,NA,NA,NA,NA,NA,NA,NA,NA,NA,NA,NA,NA,NA,NA,NA,NA,NA,NA,NA,NA,NA,NA,NA,NA,NA,NA,NA,NA,NA,NA,NA,NA,NA,NA,NA,NA,NA,NA,NA,NA,NA,NA,NA,NA,NA,NA,NA,NA,NA
64,"The Reach","The Reach","The Reach","The Crownlands","The North","The North","The North","The North","The North","The North","The North","The North","The North","The North","The North","The North","The North","The Crownlands","The Crownlands","The Crownlands","The Crownlands","The Crownlands","The Crownlands","The Crownlands","The Crownlands","The Crownlands","The Crownlands","The Crownlands","The North","The North","The North","The North","The Crownlands","The Crownlands","The Crownlands","The Crownlands","The Crownlands","The Crownlands","The Crownlands","The Crownlands","The Crownlands","The Crownlands","The Crownlands","The Crownlands","The Crownlands","The Crownlands","The Crownlands","The Crownlands","The Crownlands","The Crownlands","The Crownlands","The Crownlands","The Crownlands","The Crownlands","The Crownlands","The Crownlands","The Crownlands","The Crownlands","The Crownlands","The Crownlands","The Crownlands","The Crownlands","The Crownlands","The Crownlands","The Crownlands","The Crownlands","The Crownlands","The Crownlands","The Crownlands","The Crownlands","The Crownlands","The Crownlands","The Crownlands","The Crownlands","The Crownlands","The Crownlands","The Crownlands",NA,NA,NA,NA,NA,NA,NA,NA,NA,NA,NA,NA,NA,NA,NA,NA,NA,NA,NA,NA,NA,NA,NA,NA,NA,NA,NA,NA,NA,NA,NA,NA,NA,NA,NA,NA,NA,NA,NA,NA,NA,NA,NA,NA,NA,NA,NA,NA,NA,NA,NA,NA,NA,NA,NA,NA,NA,NA,NA,NA,NA,NA,NA,NA,NA,NA,NA,NA,NA,NA,NA,NA,NA,NA,NA,NA,NA,NA,NA,NA,NA,NA,NA,NA,NA,NA,NA,NA,NA,NA,NA,NA,NA,NA,NA,NA,NA,NA,NA,NA,NA,NA,NA,NA,NA,NA,NA,NA,NA,NA,NA,NA,NA,NA,NA,NA,NA,NA,NA,NA,NA,NA,NA,NA,NA,NA,NA,NA,NA,NA,NA,NA,NA,NA,NA,NA,NA,NA,NA,NA,NA,NA,NA,NA,NA,NA,NA,NA,NA,NA,NA,NA,NA,NA,NA,NA,NA,NA,NA,NA,NA
65,"The Crownlands","The Crownlands","The Crownlands","The Crownlands","The Crownlands","The Crownlands","The Crownlands","The Crownlands","The Crownlands","The Crownlands","The Crownlands","The Crownlands","The North","North of the Wall","The North","The Reach","The Reach","The Crownlands","The Crownlands","The North","The North","The Crownlands","The Crownlands","The Crownlands","The Crownlands","The Crownlands","The Crownlands","The Crownlands","The Crownlands","The Crownlands","The Crownlands","The Crownlands","The Crownlands","The Crownlands","The Crownlands","The Reach","The Reach","The Reach","The North","The North","The North","The North","The North","The North","The Wall","The Wall","The Wall","The Wall","North of the Wall",NA,NA,NA,NA,NA,NA,NA,NA,NA,NA,NA,NA,NA,NA,NA,NA,NA,NA,NA,NA,NA,NA,NA,NA,NA,NA,NA,NA,NA,NA,NA,NA,NA,NA,NA,NA,NA,NA,NA,NA,NA,NA,NA,NA,NA,NA,NA,NA,NA,NA,NA,NA,NA,NA,NA,NA,NA,NA,NA,NA,NA,NA,NA,NA,NA,NA,NA,NA,NA,NA,NA,NA,NA,NA,NA,NA,NA,NA,NA,NA,NA,NA,NA,NA,NA,NA,NA,NA,NA,NA,NA,NA,NA,NA,NA,NA,NA,NA,NA,NA,NA,NA,NA,NA,NA,NA,NA,NA,NA,NA,NA,NA,NA,NA,NA,NA,NA,NA,NA,NA,NA,NA,NA,NA,NA,NA,NA,NA,NA,NA,NA,NA,NA,NA,NA,NA,NA,NA,NA,NA,NA,NA,NA,NA,NA,NA,NA,NA,NA,NA,NA,NA,NA,NA,NA,NA,NA,NA,NA,NA,NA,NA,NA,NA,NA,NA,NA,NA,NA,NA,NA,NA,NA,NA,NA,NA,NA,NA,NA,NA,NA,NA,NA,NA,NA,NA,NA,NA,NA
66,"North of the Wall","North of the Wall","North of the Wall","North of the Wall","The North","The North","North of the Wall","North of the Wall","North of the Wall","North of the Wall","North of the Wall","North of the Wall","North of the Wall","North of the Wall","The Crownlands","North of the Wall","North of the Wall","North of the Wall","The North","North of the Wall","North of the Wall","North of the Wall","North of the Wall","North of the Wall","North of the Wall","North of the Wall","North of the Wall","North of the Wall","North of the Wall","North of the Wall","North of the Wall","The Wall","North of the Wall","North of the Wall","North of the Wall","North of the Wall","The North","The North","The Crownlands","North of the Wall","North of the Wall","North of the Wall","North of the Wall","North of the Wall","North of the Wall","North of the Wall","North of the Wall","North of the Wall","North of the Wall","North of the Wall","North of the Wall","North of the Wall","North of the Wall","North of the Wall","North of the Wall","The Wall","The Wall","The Wall","The Wall","North of the Wall","The Wall","North of the Wall","The Wall","The Wall","The North","The North","The Shivering Sea","North of the Wall","North of the Wall",NA,NA,NA,NA,NA,NA,NA,NA,NA,NA,NA,NA,NA,NA,NA,NA,NA,NA,NA,NA,NA,NA,NA,NA,NA,NA,NA,NA,NA,NA,NA,NA,NA,NA,NA,NA,NA,NA,NA,NA,NA,NA,NA,NA,NA,NA,NA,NA,NA,NA,NA,NA,NA,NA,NA,NA,NA,NA,NA,NA,NA,NA,NA,NA,NA,NA,NA,NA,NA,NA,NA,NA,NA,NA,NA,NA,NA,NA,NA,NA,NA,NA,NA,NA,NA,NA,NA,NA,NA,NA,NA,NA,NA,NA,NA,NA,NA,NA,NA,NA,NA,NA,NA,NA,NA,NA,NA,NA,NA,NA,NA,NA,NA,NA,NA,NA,NA,NA,NA,NA,NA,NA,NA,NA,NA,NA,NA,NA,NA,NA,NA,NA,NA,NA,NA,NA,NA,NA,NA,NA,NA,NA,NA,NA,NA,NA,NA,NA,NA,NA,NA,NA,NA,NA,NA,NA,NA,NA,NA,NA,NA,NA,NA,NA,NA,NA,NA,NA,NA
67,"The Crownlands","The Crownlands","The Crownlands","The Crownlands","The Crownlands","The Crownlands","The Crownlands","The Crownlands","The Crownlands","The Crownlands","The Crownlands","The Crownlands","The Crownlands","The Crownlands","The Crownlands","The Crownlands","The Crownlands","The Crownlands","The Crownlands","The Crownlands","The Crownlands","The Crownlands","The Crownlands","The Crownlands","The Crownlands","The Crownlands","The Crownlands","The Crownlands","The Crownlands","The Crownlands","The Crownlands","The Crownlands","The Crownlands","The North","The Crownlands","The Crownlands","The Crownlands","The Crownlands","The Crownlands","The North","The North","The Crownlands","The Crownlands","The Crownlands","The Crownlands","The Crownlands","The North","The North","The North","Dorne","The Narrow Sea","The Narrow Sea","The Narrow Sea","Dorne","The Narrow Sea","The Narrow Sea","The North","The North","The Wall","North of the Wall","The Wall","North of the Wall","The Wall","North of the Wall","The Wall","North of the Wall","North of the Wall","The Wall","North of the Wall","The Wall","North of the Wall","The Wall","North of the Wall","The Wall","North of the Wall","North of the Wall","North of the Wall","The Wall","North of the Wall","North of the Wall","North of the Wall","The Wall","The Wall",NA,NA,NA,NA,NA,NA,NA,NA,NA,NA,NA,NA,NA,NA,NA,NA,NA,NA,NA,NA,NA,NA,NA,NA,NA,NA,NA,NA,NA,NA,NA,NA,NA,NA,NA,NA,NA,NA,NA,NA,NA,NA,NA,NA,NA,NA,NA,NA,NA,NA,NA,NA,NA,NA,NA,NA,NA,NA,NA,NA,NA,NA,NA,NA,NA,NA,NA,NA,NA,NA,NA,NA,NA,NA,NA,NA,NA,NA,NA,NA,NA,NA,NA,NA,NA,NA,NA,NA,NA,NA,NA,NA,NA,NA,NA,NA,NA,NA,NA,NA,NA,NA,NA,NA,NA,NA,NA,NA,NA,NA,NA,NA,NA,NA,NA,NA,NA,NA,NA,NA,NA,NA,NA,NA,NA,NA,NA,NA,NA,NA,NA,NA,NA,NA,NA,NA,NA,NA,NA,NA,NA,NA,NA,NA,NA,NA,NA,NA,NA,NA,NA,NA,NA,NA,NA
68,"The North","The North","The North","The North","The North","The North","The North","The North","The North","The North","The North","The North","The North","The North","The North","The North","The North","The North","The North","The North","The North","The North","The North","The North","The North","The North","The North","The North","The North","The North","The North","The North","The North","The Crownlands","The Crownlands","The Crownlands","The Crownlands","The Crownlands","The Crownlands","The Crownlands","The Crownlands","The Crownlands","The Crownlands","The Crownlands","The Crownlands","The Crownlands","The Narrow Sea","The North","The North","The North","The North","The North","The North","The North","The North","The North","The North","The North","The North","The North","The North","The North","The North","The North","The North","The North","The North","The North","The North","The North","The North","The North","The North","The North","The North","The North","The North","The North","The North","The North","The North","The North",NA,NA,NA,NA,NA,NA,NA,NA,NA,NA,NA,NA,NA,NA,NA,NA,NA,NA,NA,NA,NA,NA,NA,NA,NA,NA,NA,NA,NA,NA,NA,NA,NA,NA,NA,NA,NA,NA,NA,NA,NA,NA,NA,NA,NA,NA,NA,NA,NA,NA,NA,NA,NA,NA,NA,NA,NA,NA,NA,NA,NA,NA,NA,NA,NA,NA,NA,NA,NA,NA,NA,NA,NA,NA,NA,NA,NA,NA,NA,NA,NA,NA,NA,NA,NA,NA,NA,NA,NA,NA,NA,NA,NA,NA,NA,NA,NA,NA,NA,NA,NA,NA,NA,NA,NA,NA,NA,NA,NA,NA,NA,NA,NA,NA,NA,NA,NA,NA,NA,NA,NA,NA,NA,NA,NA,NA,NA,NA,NA,NA,NA,NA,NA,NA,NA,NA,NA,NA,NA,NA,NA,NA,NA,NA,NA,NA,NA,NA,NA,NA,NA,NA,NA,NA,NA,NA
69,"The North","The North","The North","The North","The North","The North","The North","The North","The North","The North","The North","The North","The North","The North","The North","The North","The North","The North","The North","The North","The North","The North","The North","The North","The North","The North","The North","The North","The North","The North","The North","The North","The North","The North","The North","The North","The North","The North","The North","The North","The North","The North","The North","The North","The North","The North","The North","The North","The North","The North","The North","The North","The North","The North","The North","The North","The North","The North","The North","The North","The North","The North","The North","The North",NA,NA,NA,NA,NA,NA,NA,NA,NA,NA,NA,NA,NA,NA,NA,NA,NA,NA,NA,NA,NA,NA,NA,NA,NA,NA,NA,NA,NA,NA,NA,NA,NA,NA,NA,NA,NA,NA,NA,NA,NA,NA,NA,NA,NA,NA,NA,NA,NA,NA,NA,NA,NA,NA,NA,NA,NA,NA,NA,NA,NA,NA,NA,NA,NA,NA,NA,NA,NA,NA,NA,NA,NA,NA,NA,NA,NA,NA,NA,NA,NA,NA,NA,NA,NA,NA,NA,NA,NA,NA,NA,NA,NA,NA,NA,NA,NA,NA,NA,NA,NA,NA,NA,NA,NA,NA,NA,NA,NA,NA,NA,NA,NA,NA,NA,NA,NA,NA,NA,NA,NA,NA,NA,NA,NA,NA,NA,NA,NA,NA,NA,NA,NA,NA,NA,NA,NA,NA,NA,NA,NA,NA,NA,NA,NA,NA,NA,NA,NA,NA,NA,NA,NA,NA,NA,NA,NA,NA,NA,NA,NA,NA,NA,NA,NA,NA,NA,NA,NA,NA,NA,NA,NA,NA
70,"The North","The North","The North","The North","The North","The North","The North","The North","The North","The North","The North","The North","The North","The North","The North","The North","The North","The North","The North","The North","The North","The North","The North","The North","The North","The North","The North","The North","The North","The North","The North","The North","The North","The North","The North","The North","The North","The North","The North","The North","The North","The North","The North","The North","The North","The North","The North","The North","The North","The North","The North","The North","The North","The North","The North","The North","The North","The North","The North","The North","The North","The North","The North","The North","The North","The North","The North","The North","The North","The North","The North","The North","The North","The North","The North","The North","The North","The North","The North","The North","The North","The North","The North","The North","The North","The North","The North","The North","The North","The North","The North","The North","The North","The North","The North","The North","The North","The North","The North","The North","The North","The North","The North","The North","The North","The North","The North","The North","The North","The North","The North","The North","The North","The North","The North","The North","The North","The North","The North","The North","The North","The North","The North","The North","The North","The North","The North","The North","The North","The North","The North","The North","The North","The North","The North","The North","The North","The North","The North","The North","The North","The North","The North","The North","The North","The North","The North","The North","The North","The North","The North","The North","The North","The North","The North","The North","The North","The North","The North","The North","The North","The North","The North","The North","The North","The North","The North","The North","The North","The North","The North","The North","The North","The North","The North","The North","The North","The North","The North","The North","The North","The North","The North","The North","The North","The North","The North","The North","The North","The North","The North","The North","The North","The North","The North","The North","The North","The North","The North","The North","The North","The North","The North","The North","The North","The North","The North","The North","The North","The North","The North","The North","The North","The North","The North","The North","The North","The North","The North","The North","The North","The North","The North","The North","The North","The North","The North","The North","The North","The North","The North","The North","The North","The North","The North","The North","The North","The North"
71,"The North","The North","The North","The North","The North","The North","The North","The North","The North","The North","The North","The North","The North","The North","The North","The North","The North","The North","The North","The North","The North","The North","The North","The North","The North","The North","The North","The North","The North","The North","The North","The North","The North","The North","The North","The North","The North","The North","The North","The North","The North","The North","The North","The North","The North","The North","The North","The North","The North","The North","The North","The North","The North","The North","The North","The North","The North","The North","The North","The North","The North","The North","The North","The North","The North","The Crownlands","The Crownlands","The Crownlands","The Crownlands","The Crownlands","The Crownlands","The Crownlands","The Crownlands","The Crownlands","The Crownlands","The Crownlands","The Crownlands","The Crownlands","The Crownlands","The Crownlands","The Crownlands","The Crownlands","The Crownlands","The Crownlands","The Crownlands","The North","The North","The North","The North","The North","The North","The North","The Crownlands","The Crownlands","The Crownlands","The Crownlands","The Crownlands","The Crownlands","The Crownlands","The Crownlands","The Crownlands","The Crownlands","The Crownlands","The Crownlands","The Crownlands","The Crownlands",NA,NA,NA,NA,NA,NA,NA,NA,NA,NA,NA,NA,NA,NA,NA,NA,NA,NA,NA,NA,NA,NA,NA,NA,NA,NA,NA,NA,NA,NA,NA,NA,NA,NA,NA,NA,NA,NA,NA,NA,NA,NA,NA,NA,NA,NA,NA,NA,NA,NA,NA,NA,NA,NA,NA,NA,NA,NA,NA,NA,NA,NA,NA,NA,NA,NA,NA,NA,NA,NA,NA,NA,NA,NA,NA,NA,NA,NA,NA,NA,NA,NA,NA,NA,NA,NA,NA,NA,NA,NA,NA,NA,NA,NA,NA,NA,NA,NA,NA,NA,NA,NA,NA,NA,NA,NA,NA,NA,NA,NA,NA,NA,NA,NA,NA,NA,NA,NA,NA,NA,NA,NA,NA,NA,NA,NA,NA,NA,NA,NA,NA,NA
72,"The Crownlands","The Crownlands","The Crownlands","The Crownlands","The Crownlands","The Crownlands","The Crownlands","The Crownlands","The Crownlands","The Crownlands","The Crownlands","The Crownlands","The Crownlands","The Crownlands","The Crownlands","The Crownlands","The Crownlands","The Crownlands","The Crownlands","The Crownlands","The Crownlands","The Crownlands","The Crownlands","The Crownlands","The Crownlands","The Crownlands","The Crownlands","The Crownlands","The Crownlands","The Crownlands","The Crownlands","The Crownlands","The Crownlands","The Crownlands","The Crownlands","The Crownlands","The Crownlands","The Crownlands","The Crownlands","The Crownlands","The Crownlands","The Crownlands","The Crownlands","The Crownlands","The Crownlands","The Crownlands","The Crownlands","The Crownlands","The Crownlands","The Crownlands","The Crownlands","The Crownlands","The Crownlands","The Crownlands","The Crownlands","The Crownlands","The Crownlands","The Crownlands","The Crownlands","The Crownlands","The Crownlands","The Crownlands","The Crownlands","The Crownlands","The Crownlands","The Crownlands","The Crownlands","The Crownlands","The Crownlands","The Crownlands","The Crownlands","The Crownlands","The Crownlands","The Crownlands","The Crownlands","The Crownlands","The Crownlands","The Crownlands","The Crownlands","The Crownlands","The Crownlands","The Crownlands","The Crownlands","The Crownlands","The Crownlands","The Crownlands","The Crownlands","The Crownlands","The Crownlands","The Crownlands","The Crownlands","The Crownlands","The Crownlands","The Crownlands","The Crownlands","The Crownlands","The Crownlands","The Crownlands","The Crownlands","The Crownlands","The Crownlands","The Crownlands","The Crownlands","The Crownlands","The Crownlands","The Crownlands","The Crownlands","The Crownlands","The Crownlands","The Crownlands","The Crownlands","The Crownlands","The Crownlands","The Crownlands","The Crownlands","The Crownlands","The Crownlands","The Crownlands","The Crownlands","The Crownlands","The Crownlands","The Crownlands","The Crownlands","The Crownlands","The Crownlands","The Crownlands","The Crownlands","The Crownlands","The Crownlands","The Crownlands","The Crownlands","The Crownlands","The Crownlands","The Crownlands","The Crownlands","The Crownlands","The Crownlands","The Crownlands","The Crownlands","The Crownlands","The Crownlands","The Crownlands","The Crownlands","The Crownlands","The Crownlands","The Crownlands","The Crownlands","The Crownlands","The Crownlands","The Crownlands","The Crownlands","The Crownlands","The Crownlands","The Crownlands","The Crownlands","The Crownlands","The Crownlands","The Crownlands","The Crownlands","The Crownlands","The Crownlands","The Crownlands","The Crownlands","The Crownlands","The Crownlands","The Crownlands","The Crownlands","The Crownlands","The Crownlands","The Crownlands","The Crownlands","The Crownlands","The Crownlands","The Crownlands","The Crownlands","The Crownlands","The Crownlands","The Crownlands","The Crownlands","The Crownlands","The Crownlands","The Crownlands",NA,NA,NA,NA,NA,NA,NA,NA,NA,NA,NA,NA,NA,NA,NA,NA,NA,NA,NA,NA,NA,NA,NA,NA,NA,NA,NA,NA,NA,NA,NA,NA,NA,NA,NA,NA,NA,NA,NA,NA,NA,NA,NA,NA,NA,NA,NA,NA,NA,NA,NA,NA,NA,NA,NA,NA
73,"The Crownlands","The Crownlands","The Crownlands","The Crownlands","The Crownlands","The Crownlands","The Crownlands","The Crownlands","The Crownlands","The Crownlands","The Crownlands","The Crownlands","The Crownlands","The Crownlands","The Crownlands","The Crownlands","The Crownlands","The Crownlands","The Crownlands","The Crownlands","The Crownlands","The Crownlands","The Crownlands","The Crownlands","The Crownlands","The Crownlands","The Crownlands","The Crownlands","The Crownlands","The Crownlands","The Crownlands","The Crownlands","The Crownlands","The Crownlands","The Crownlands","The Crownlands","The Crownlands","The Crownlands","The Crownlands","The Crownlands","The Crownlands","The Crownlands","The Crownlands","The Crownlands","The Crownlands","The Crownlands","The Crownlands","The Crownlands","The Crownlands","The Crownlands","The Crownlands","The Crownlands","The Crownlands","The Crownlands","The Crownlands","The Crownlands","The Crownlands","The Crownlands","The Crownlands","The Crownlands","The Crownlands","The Crownlands","The Wall","The Wall","The Wall","The Sunset Sea","The North","The Sunset Sea","The Wall","The North","The Wall","The Sunset Sea","The Wall","The North","The Sunset Sea","The Wall","The North","The Sunset Sea","The Wall","The North","The Sunset Sea","The Wall","The Wall","The Sunset Sea","The Wall","The North","The Sunset Sea","The Wall","North of the Wall","North of the Wall",NA,NA,NA,NA,NA,NA,NA,NA,NA,NA,NA,NA,NA,NA,NA,NA,NA,NA,NA,NA,NA,NA,NA,NA,NA,NA,NA,NA,NA,NA,NA,NA,NA,NA,NA,NA,NA,NA,NA,NA,NA,NA,NA,NA,NA,NA,NA,NA,NA,NA,NA,NA,NA,NA,NA,NA,NA,NA,NA,NA,NA,NA,NA,NA,NA,NA,NA,NA,NA,NA,NA,NA,NA,NA,NA,NA,NA,NA,NA,NA,NA,NA,NA,NA,NA,NA,NA,NA,NA,NA,NA,NA,NA,NA,NA,NA,NA,NA,NA,NA,NA,NA,NA,NA,NA,NA,NA,NA,NA,NA,NA,NA,NA,NA,NA,NA,NA,NA,NA,NA,NA,NA,NA,NA,NA,NA,NA,NA,NA,NA,NA,NA,NA,NA,NA,NA,NA,NA,NA,NA,NA,NA,NA,NA,NA,NA,NA,NA
